-- phpMyAdmin SQL Dump
-- version 5.2.0
-- https://www.phpmyadmin.net/
--
-- Host: localhost:3306
-- Generation Time: Jul 09, 2025 at 03:39 AM
-- Server version: 8.0.30
-- PHP Version: 8.3.16

SET SQL_MODE = "NO_AUTO_VALUE_ON_ZERO";
START TRANSACTION;
SET time_zone = "+00:00";


/*!40101 SET @OLD_CHARACTER_SET_CLIENT=@@CHARACTER_SET_CLIENT */;
/*!40101 SET @OLD_CHARACTER_SET_RESULTS=@@CHARACTER_SET_RESULTS */;
/*!40101 SET @OLD_COLLATION_CONNECTION=@@COLLATION_CONNECTION */;
/*!40101 SET NAMES utf8mb4 */;

--
-- Database: `lrvl_kurir`
--

-- --------------------------------------------------------

--
-- Table structure for table `cities`
--

CREATE TABLE `cities` (
  `id` bigint UNSIGNED NOT NULL,
  `province_id` int UNSIGNED NOT NULL,
  `city_id` int UNSIGNED NOT NULL,
  `name` varchar(255) COLLATE utf8mb4_unicode_ci NOT NULL,
  `created_at` timestamp NULL DEFAULT NULL,
  `updated_at` timestamp NULL DEFAULT NULL
) ENGINE=InnoDB DEFAULT CHARSET=utf8mb4 COLLATE=utf8mb4_unicode_ci;

--
-- Dumping data for table `cities`
--

INSERT INTO `cities` (`id`, `province_id`, `city_id`, `name`, `created_at`, `updated_at`) VALUES
(1, 1, 17, 'Badung', '2025-05-19 03:33:48', '2025-05-19 03:33:48'),
(2, 1, 32, 'Bangli', '2025-05-19 03:33:49', '2025-05-19 03:33:49'),
(3, 1, 94, 'Buleleng', '2025-05-19 03:33:49', '2025-05-19 03:33:49'),
(4, 1, 114, 'Denpasar', '2025-05-19 03:33:49', '2025-05-19 03:33:49'),
(5, 1, 128, 'Gianyar', '2025-05-19 03:33:49', '2025-05-19 03:33:49'),
(6, 1, 161, 'Jembrana', '2025-05-19 03:33:49', '2025-05-19 03:33:49'),
(7, 1, 170, 'Karangasem', '2025-05-19 03:33:49', '2025-05-19 03:33:49'),
(8, 1, 197, 'Klungkung', '2025-05-19 03:33:49', '2025-05-19 03:33:49'),
(9, 1, 447, 'Tabanan', '2025-05-19 03:33:49', '2025-05-19 03:33:49'),
(10, 2, 27, 'Bangka', '2025-05-19 03:33:50', '2025-05-19 03:33:50'),
(11, 2, 28, 'Bangka Barat', '2025-05-19 03:33:50', '2025-05-19 03:33:50'),
(12, 2, 29, 'Bangka Selatan', '2025-05-19 03:33:50', '2025-05-19 03:33:50'),
(13, 2, 30, 'Bangka Tengah', '2025-05-19 03:33:50', '2025-05-19 03:33:50'),
(14, 2, 56, 'Belitung', '2025-05-19 03:33:50', '2025-05-19 03:33:50'),
(15, 2, 57, 'Belitung Timur', '2025-05-19 03:33:50', '2025-05-19 03:33:50'),
(16, 2, 334, 'Pangkal Pinang', '2025-05-19 03:33:50', '2025-05-19 03:33:50'),
(17, 3, 106, 'Cilegon', '2025-05-19 03:33:51', '2025-05-19 03:33:51'),
(18, 3, 232, 'Lebak', '2025-05-19 03:33:51', '2025-05-19 03:33:51'),
(19, 3, 331, 'Pandeglang', '2025-05-19 03:33:51', '2025-05-19 03:33:51'),
(20, 3, 402, 'Serang', '2025-05-19 03:33:51', '2025-05-19 03:33:51'),
(21, 3, 403, 'Serang', '2025-05-19 03:33:51', '2025-05-19 03:33:51'),
(22, 3, 455, 'Tangerang', '2025-05-19 03:33:51', '2025-05-19 03:33:51'),
(23, 3, 456, 'Tangerang', '2025-05-19 03:33:51', '2025-05-19 03:33:51'),
(24, 3, 457, 'Tangerang Selatan', '2025-05-19 03:33:51', '2025-05-19 03:33:51'),
(25, 4, 62, 'Bengkulu', '2025-05-19 03:33:53', '2025-05-19 03:33:53'),
(26, 4, 63, 'Bengkulu Selatan', '2025-05-19 03:33:53', '2025-05-19 03:33:53'),
(27, 4, 64, 'Bengkulu Tengah', '2025-05-19 03:33:53', '2025-05-19 03:33:53'),
(28, 4, 65, 'Bengkulu Utara', '2025-05-19 03:33:53', '2025-05-19 03:33:53'),
(29, 4, 175, 'Kaur', '2025-05-19 03:33:53', '2025-05-19 03:33:53'),
(30, 4, 183, 'Kepahiang', '2025-05-19 03:33:53', '2025-05-19 03:33:53'),
(31, 4, 233, 'Lebong', '2025-05-19 03:33:53', '2025-05-19 03:33:53'),
(32, 4, 294, 'Muko Muko', '2025-05-19 03:33:53', '2025-05-19 03:33:53'),
(33, 4, 379, 'Rejang Lebong', '2025-05-19 03:33:53', '2025-05-19 03:33:53'),
(34, 4, 397, 'Seluma', '2025-05-19 03:33:53', '2025-05-19 03:33:53'),
(35, 5, 39, 'Bantul', '2025-05-19 03:33:54', '2025-05-19 03:33:54'),
(36, 5, 135, 'Gunung Kidul', '2025-05-19 03:33:54', '2025-05-19 03:33:54'),
(37, 5, 210, 'Kulon Progo', '2025-05-19 03:33:54', '2025-05-19 03:33:54'),
(38, 5, 419, 'Sleman', '2025-05-19 03:33:54', '2025-05-19 03:33:54'),
(39, 5, 501, 'Yogyakarta', '2025-05-19 03:33:54', '2025-05-19 03:33:54'),
(40, 6, 151, 'Jakarta Barat', '2025-05-19 03:33:56', '2025-05-19 03:33:56'),
(41, 6, 152, 'Jakarta Pusat', '2025-05-19 03:33:56', '2025-05-19 03:33:56'),
(42, 6, 153, 'Jakarta Selatan', '2025-05-19 03:33:56', '2025-05-19 03:33:56'),
(43, 6, 154, 'Jakarta Timur', '2025-05-19 03:33:56', '2025-05-19 03:33:56'),
(44, 6, 155, 'Jakarta Utara', '2025-05-19 03:33:56', '2025-05-19 03:33:56'),
(45, 6, 189, 'Kepulauan Seribu', '2025-05-19 03:33:56', '2025-05-19 03:33:56'),
(46, 7, 77, 'Boalemo', '2025-05-19 03:33:57', '2025-05-19 03:33:57'),
(47, 7, 88, 'Bone Bolango', '2025-05-19 03:33:57', '2025-05-19 03:33:57'),
(48, 7, 129, 'Gorontalo', '2025-05-19 03:33:57', '2025-05-19 03:33:57'),
(49, 7, 130, 'Gorontalo', '2025-05-19 03:33:57', '2025-05-19 03:33:57'),
(50, 7, 131, 'Gorontalo Utara', '2025-05-19 03:33:57', '2025-05-19 03:33:57'),
(51, 7, 361, 'Pohuwato', '2025-05-19 03:33:57', '2025-05-19 03:33:57'),
(52, 8, 50, 'Batang Hari', '2025-05-19 03:33:59', '2025-05-19 03:33:59'),
(53, 8, 97, 'Bungo', '2025-05-19 03:33:59', '2025-05-19 03:33:59'),
(54, 8, 156, 'Jambi', '2025-05-19 03:33:59', '2025-05-19 03:33:59'),
(55, 8, 194, 'Kerinci', '2025-05-19 03:33:59', '2025-05-19 03:33:59'),
(56, 8, 280, 'Merangin', '2025-05-19 03:33:59', '2025-05-19 03:33:59'),
(57, 8, 293, 'Muaro Jambi', '2025-05-19 03:33:59', '2025-05-19 03:33:59'),
(58, 8, 393, 'Sarolangun', '2025-05-19 03:33:59', '2025-05-19 03:33:59'),
(59, 8, 442, 'Sungaipenuh', '2025-05-19 03:33:59', '2025-05-19 03:33:59'),
(60, 8, 460, 'Tanjung Jabung Barat', '2025-05-19 03:33:59', '2025-05-19 03:33:59'),
(61, 8, 461, 'Tanjung Jabung Timur', '2025-05-19 03:33:59', '2025-05-19 03:33:59'),
(62, 8, 471, 'Tebo', '2025-05-19 03:33:59', '2025-05-19 03:33:59'),
(63, 9, 22, 'Bandung', '2025-05-19 03:34:00', '2025-05-19 03:34:00'),
(64, 9, 23, 'Bandung', '2025-05-19 03:34:00', '2025-05-19 03:34:00'),
(65, 9, 24, 'Bandung Barat', '2025-05-19 03:34:00', '2025-05-19 03:34:00'),
(66, 9, 34, 'Banjar', '2025-05-19 03:34:00', '2025-05-19 03:34:00'),
(67, 9, 54, 'Bekasi', '2025-05-19 03:34:00', '2025-05-19 03:34:00'),
(68, 9, 55, 'Bekasi', '2025-05-19 03:34:00', '2025-05-19 03:34:00'),
(69, 9, 78, 'Bogor', '2025-05-19 03:34:00', '2025-05-19 03:34:00'),
(70, 9, 79, 'Bogor', '2025-05-19 03:34:00', '2025-05-19 03:34:00'),
(71, 9, 103, 'Ciamis', '2025-05-19 03:34:00', '2025-05-19 03:34:00'),
(72, 9, 104, 'Cianjur', '2025-05-19 03:34:00', '2025-05-19 03:34:00'),
(73, 9, 107, 'Cimahi', '2025-05-19 03:34:00', '2025-05-19 03:34:00'),
(74, 9, 108, 'Cirebon', '2025-05-19 03:34:00', '2025-05-19 03:34:00'),
(75, 9, 109, 'Cirebon', '2025-05-19 03:34:00', '2025-05-19 03:34:00'),
(76, 9, 115, 'Depok', '2025-05-19 03:34:00', '2025-05-19 03:34:00'),
(77, 9, 126, 'Garut', '2025-05-19 03:34:00', '2025-05-19 03:34:00'),
(78, 9, 149, 'Indramayu', '2025-05-19 03:34:00', '2025-05-19 03:34:00'),
(79, 9, 171, 'Karawang', '2025-05-19 03:34:00', '2025-05-19 03:34:00'),
(80, 9, 211, 'Kuningan', '2025-05-19 03:34:00', '2025-05-19 03:34:00'),
(81, 9, 252, 'Majalengka', '2025-05-19 03:34:00', '2025-05-19 03:34:00'),
(82, 9, 332, 'Pangandaran', '2025-05-19 03:34:00', '2025-05-19 03:34:00'),
(83, 9, 376, 'Purwakarta', '2025-05-19 03:34:00', '2025-05-19 03:34:00'),
(84, 9, 428, 'Subang', '2025-05-19 03:34:00', '2025-05-19 03:34:00'),
(85, 9, 430, 'Sukabumi', '2025-05-19 03:34:00', '2025-05-19 03:34:00'),
(86, 9, 431, 'Sukabumi', '2025-05-19 03:34:00', '2025-05-19 03:34:00'),
(87, 9, 440, 'Sumedang', '2025-05-19 03:34:00', '2025-05-19 03:34:00'),
(88, 9, 468, 'Tasikmalaya', '2025-05-19 03:34:00', '2025-05-19 03:34:00'),
(89, 9, 469, 'Tasikmalaya', '2025-05-19 03:34:00', '2025-05-19 03:34:00'),
(90, 10, 37, 'Banjarnegara', '2025-05-19 03:34:02', '2025-05-19 03:34:02'),
(91, 10, 41, 'Banyumas', '2025-05-19 03:34:02', '2025-05-19 03:34:02'),
(92, 10, 49, 'Batang', '2025-05-19 03:34:02', '2025-05-19 03:34:02'),
(93, 10, 76, 'Blora', '2025-05-19 03:34:02', '2025-05-19 03:34:02'),
(94, 10, 91, 'Boyolali', '2025-05-19 03:34:02', '2025-05-19 03:34:02'),
(95, 10, 92, 'Brebes', '2025-05-19 03:34:02', '2025-05-19 03:34:02'),
(96, 10, 105, 'Cilacap', '2025-05-19 03:34:02', '2025-05-19 03:34:02'),
(97, 10, 113, 'Demak', '2025-05-19 03:34:02', '2025-05-19 03:34:02'),
(98, 10, 134, 'Grobogan', '2025-05-19 03:34:02', '2025-05-19 03:34:02'),
(99, 10, 163, 'Jepara', '2025-05-19 03:34:02', '2025-05-19 03:34:02'),
(100, 10, 169, 'Karanganyar', '2025-05-19 03:34:02', '2025-05-19 03:34:02'),
(101, 10, 177, 'Kebumen', '2025-05-19 03:34:02', '2025-05-19 03:34:02'),
(102, 10, 181, 'Kendal', '2025-05-19 03:34:02', '2025-05-19 03:34:02'),
(103, 10, 196, 'Klaten', '2025-05-19 03:34:02', '2025-05-19 03:34:02'),
(104, 10, 209, 'Kudus', '2025-05-19 03:34:02', '2025-05-19 03:34:02'),
(105, 10, 249, 'Magelang', '2025-05-19 03:34:02', '2025-05-19 03:34:02'),
(106, 10, 250, 'Magelang', '2025-05-19 03:34:02', '2025-05-19 03:34:02'),
(107, 10, 344, 'Pati', '2025-05-19 03:34:02', '2025-05-19 03:34:02'),
(108, 10, 348, 'Pekalongan', '2025-05-19 03:34:02', '2025-05-19 03:34:02'),
(109, 10, 349, 'Pekalongan', '2025-05-19 03:34:02', '2025-05-19 03:34:02'),
(110, 10, 352, 'Pemalang', '2025-05-19 03:34:02', '2025-05-19 03:34:02'),
(111, 10, 375, 'Purbalingga', '2025-05-19 03:34:02', '2025-05-19 03:34:02'),
(112, 10, 377, 'Purworejo', '2025-05-19 03:34:02', '2025-05-19 03:34:02'),
(113, 10, 380, 'Rembang', '2025-05-19 03:34:02', '2025-05-19 03:34:02'),
(114, 10, 386, 'Salatiga', '2025-05-19 03:34:02', '2025-05-19 03:34:02'),
(115, 10, 398, 'Semarang', '2025-05-19 03:34:02', '2025-05-19 03:34:02'),
(116, 10, 399, 'Semarang', '2025-05-19 03:34:02', '2025-05-19 03:34:02'),
(117, 10, 427, 'Sragen', '2025-05-19 03:34:02', '2025-05-19 03:34:02'),
(118, 10, 433, 'Sukoharjo', '2025-05-19 03:34:02', '2025-05-19 03:34:02'),
(119, 10, 445, 'Surakarta (Solo)', '2025-05-19 03:34:02', '2025-05-19 03:34:02'),
(120, 10, 472, 'Tegal', '2025-05-19 03:34:02', '2025-05-19 03:34:02'),
(121, 10, 473, 'Tegal', '2025-05-19 03:34:02', '2025-05-19 03:34:02'),
(122, 10, 476, 'Temanggung', '2025-05-19 03:34:02', '2025-05-19 03:34:02'),
(123, 10, 497, 'Wonogiri', '2025-05-19 03:34:02', '2025-05-19 03:34:02'),
(124, 10, 498, 'Wonosobo', '2025-05-19 03:34:02', '2025-05-19 03:34:02'),
(125, 11, 31, 'Bangkalan', '2025-05-19 03:34:04', '2025-05-19 03:34:04'),
(126, 11, 42, 'Banyuwangi', '2025-05-19 03:34:04', '2025-05-19 03:34:04'),
(127, 11, 51, 'Batu', '2025-05-19 03:34:04', '2025-05-19 03:34:04'),
(128, 11, 74, 'Blitar', '2025-05-19 03:34:04', '2025-05-19 03:34:04'),
(129, 11, 75, 'Blitar', '2025-05-19 03:34:04', '2025-05-19 03:34:04'),
(130, 11, 80, 'Bojonegoro', '2025-05-19 03:34:04', '2025-05-19 03:34:04'),
(131, 11, 86, 'Bondowoso', '2025-05-19 03:34:04', '2025-05-19 03:34:04'),
(132, 11, 133, 'Gresik', '2025-05-19 03:34:04', '2025-05-19 03:34:04'),
(133, 11, 160, 'Jember', '2025-05-19 03:34:04', '2025-05-19 03:34:04'),
(134, 11, 164, 'Jombang', '2025-05-19 03:34:04', '2025-05-19 03:34:04'),
(135, 11, 178, 'Kediri', '2025-05-19 03:34:04', '2025-05-19 03:34:04'),
(136, 11, 179, 'Kediri', '2025-05-19 03:34:04', '2025-05-19 03:34:04'),
(137, 11, 222, 'Lamongan', '2025-05-19 03:34:04', '2025-05-19 03:34:04'),
(138, 11, 243, 'Lumajang', '2025-05-19 03:34:04', '2025-05-19 03:34:04'),
(139, 11, 247, 'Madiun', '2025-05-19 03:34:04', '2025-05-19 03:34:04'),
(140, 11, 248, 'Madiun', '2025-05-19 03:34:04', '2025-05-19 03:34:04'),
(141, 11, 251, 'Magetan', '2025-05-19 03:34:04', '2025-05-19 03:34:04'),
(142, 11, 256, 'Malang', '2025-05-19 03:34:04', '2025-05-19 03:34:04'),
(143, 11, 255, 'Malang', '2025-05-19 03:34:04', '2025-05-19 03:34:04'),
(144, 11, 289, 'Mojokerto', '2025-05-19 03:34:04', '2025-05-19 03:34:04'),
(145, 11, 290, 'Mojokerto', '2025-05-19 03:34:04', '2025-05-19 03:34:04'),
(146, 11, 305, 'Nganjuk', '2025-05-19 03:34:04', '2025-05-19 03:34:04'),
(147, 11, 306, 'Ngawi', '2025-05-19 03:34:04', '2025-05-19 03:34:04'),
(148, 11, 317, 'Pacitan', '2025-05-19 03:34:04', '2025-05-19 03:34:04'),
(149, 11, 330, 'Pamekasan', '2025-05-19 03:34:04', '2025-05-19 03:34:04'),
(150, 11, 342, 'Pasuruan', '2025-05-19 03:34:04', '2025-05-19 03:34:04'),
(151, 11, 343, 'Pasuruan', '2025-05-19 03:34:04', '2025-05-19 03:34:04'),
(152, 11, 363, 'Ponorogo', '2025-05-19 03:34:04', '2025-05-19 03:34:04'),
(153, 11, 369, 'Probolinggo', '2025-05-19 03:34:04', '2025-05-19 03:34:04'),
(154, 11, 370, 'Probolinggo', '2025-05-19 03:34:04', '2025-05-19 03:34:04'),
(155, 11, 390, 'Sampang', '2025-05-19 03:34:04', '2025-05-19 03:34:04'),
(156, 11, 409, 'Sidoarjo', '2025-05-19 03:34:04', '2025-05-19 03:34:04'),
(157, 11, 418, 'Situbondo', '2025-05-19 03:34:04', '2025-05-19 03:34:04'),
(158, 11, 441, 'Sumenep', '2025-05-19 03:34:04', '2025-05-19 03:34:04'),
(159, 11, 444, 'Surabaya', '2025-05-19 03:34:04', '2025-05-19 03:34:04'),
(160, 11, 487, 'Trenggalek', '2025-05-19 03:34:04', '2025-05-19 03:34:04'),
(161, 11, 489, 'Tuban', '2025-05-19 03:34:04', '2025-05-19 03:34:04'),
(162, 11, 492, 'Tulungagung', '2025-05-19 03:34:04', '2025-05-19 03:34:04'),
(163, 12, 61, 'Bengkayang', '2025-05-19 03:34:05', '2025-05-19 03:34:05'),
(164, 12, 168, 'Kapuas Hulu', '2025-05-19 03:34:05', '2025-05-19 03:34:05'),
(165, 12, 176, 'Kayong Utara', '2025-05-19 03:34:05', '2025-05-19 03:34:05'),
(166, 12, 195, 'Ketapang', '2025-05-19 03:34:05', '2025-05-19 03:34:05'),
(167, 12, 208, 'Kubu Raya', '2025-05-19 03:34:05', '2025-05-19 03:34:05'),
(168, 12, 228, 'Landak', '2025-05-19 03:34:06', '2025-05-19 03:34:06'),
(169, 12, 279, 'Melawi', '2025-05-19 03:34:06', '2025-05-19 03:34:06'),
(170, 12, 364, 'Pontianak', '2025-05-19 03:34:06', '2025-05-19 03:34:06'),
(171, 12, 365, 'Pontianak', '2025-05-19 03:34:06', '2025-05-19 03:34:06'),
(172, 12, 388, 'Sambas', '2025-05-19 03:34:06', '2025-05-19 03:34:06'),
(173, 12, 391, 'Sanggau', '2025-05-19 03:34:06', '2025-05-19 03:34:06'),
(174, 12, 395, 'Sekadau', '2025-05-19 03:34:06', '2025-05-19 03:34:06'),
(175, 12, 415, 'Singkawang', '2025-05-19 03:34:06', '2025-05-19 03:34:06'),
(176, 12, 417, 'Sintang', '2025-05-19 03:34:06', '2025-05-19 03:34:06'),
(177, 13, 18, 'Balangan', '2025-05-19 03:34:07', '2025-05-19 03:34:07'),
(178, 13, 33, 'Banjar', '2025-05-19 03:34:07', '2025-05-19 03:34:07'),
(179, 13, 35, 'Banjarbaru', '2025-05-19 03:34:07', '2025-05-19 03:34:07'),
(180, 13, 36, 'Banjarmasin', '2025-05-19 03:34:07', '2025-05-19 03:34:07'),
(181, 13, 43, 'Barito Kuala', '2025-05-19 03:34:07', '2025-05-19 03:34:07'),
(182, 13, 143, 'Hulu Sungai Selatan', '2025-05-19 03:34:07', '2025-05-19 03:34:07'),
(183, 13, 144, 'Hulu Sungai Tengah', '2025-05-19 03:34:07', '2025-05-19 03:34:07'),
(184, 13, 145, 'Hulu Sungai Utara', '2025-05-19 03:34:07', '2025-05-19 03:34:07'),
(185, 13, 203, 'Kotabaru', '2025-05-19 03:34:07', '2025-05-19 03:34:07'),
(186, 13, 446, 'Tabalong', '2025-05-19 03:34:07', '2025-05-19 03:34:07'),
(187, 13, 452, 'Tanah Bumbu', '2025-05-19 03:34:07', '2025-05-19 03:34:07'),
(188, 13, 454, 'Tanah Laut', '2025-05-19 03:34:07', '2025-05-19 03:34:07'),
(189, 13, 466, 'Tapin', '2025-05-19 03:34:07', '2025-05-19 03:34:07'),
(190, 14, 44, 'Barito Selatan', '2025-05-19 03:34:08', '2025-05-19 03:34:08'),
(191, 14, 45, 'Barito Timur', '2025-05-19 03:34:08', '2025-05-19 03:34:08'),
(192, 14, 46, 'Barito Utara', '2025-05-19 03:34:08', '2025-05-19 03:34:08'),
(193, 14, 136, 'Gunung Mas', '2025-05-19 03:34:08', '2025-05-19 03:34:08'),
(194, 14, 167, 'Kapuas', '2025-05-19 03:34:08', '2025-05-19 03:34:08'),
(195, 14, 174, 'Katingan', '2025-05-19 03:34:08', '2025-05-19 03:34:08'),
(196, 14, 205, 'Kotawaringin Barat', '2025-05-19 03:34:08', '2025-05-19 03:34:08'),
(197, 14, 206, 'Kotawaringin Timur', '2025-05-19 03:34:08', '2025-05-19 03:34:08'),
(198, 14, 221, 'Lamandau', '2025-05-19 03:34:08', '2025-05-19 03:34:08'),
(199, 14, 296, 'Murung Raya', '2025-05-19 03:34:08', '2025-05-19 03:34:08'),
(200, 14, 326, 'Palangka Raya', '2025-05-19 03:34:08', '2025-05-19 03:34:08'),
(201, 14, 371, 'Pulang Pisau', '2025-05-19 03:34:09', '2025-05-19 03:34:09'),
(202, 14, 405, 'Seruyan', '2025-05-19 03:34:09', '2025-05-19 03:34:09'),
(203, 14, 432, 'Sukamara', '2025-05-19 03:34:09', '2025-05-19 03:34:09'),
(204, 15, 19, 'Balikpapan', '2025-05-19 03:34:10', '2025-05-19 03:34:10'),
(205, 15, 66, 'Berau', '2025-05-19 03:34:10', '2025-05-19 03:34:10'),
(206, 15, 89, 'Bontang', '2025-05-19 03:34:10', '2025-05-19 03:34:10'),
(207, 15, 214, 'Kutai Barat', '2025-05-19 03:34:10', '2025-05-19 03:34:10'),
(208, 15, 215, 'Kutai Kartanegara', '2025-05-19 03:34:10', '2025-05-19 03:34:10'),
(209, 15, 216, 'Kutai Timur', '2025-05-19 03:34:10', '2025-05-19 03:34:10'),
(210, 15, 341, 'Paser', '2025-05-19 03:34:10', '2025-05-19 03:34:10'),
(211, 15, 354, 'Penajam Paser Utara', '2025-05-19 03:34:10', '2025-05-19 03:34:10'),
(212, 15, 387, 'Samarinda', '2025-05-19 03:34:10', '2025-05-19 03:34:10'),
(213, 16, 96, 'Bulungan (Bulongan)', '2025-05-19 03:34:12', '2025-05-19 03:34:12'),
(214, 16, 257, 'Malinau', '2025-05-19 03:34:12', '2025-05-19 03:34:12'),
(215, 16, 311, 'Nunukan', '2025-05-19 03:34:12', '2025-05-19 03:34:12'),
(216, 16, 450, 'Tana Tidung', '2025-05-19 03:34:12', '2025-05-19 03:34:12'),
(217, 16, 467, 'Tarakan', '2025-05-19 03:34:12', '2025-05-19 03:34:12'),
(218, 17, 48, 'Batam', '2025-05-19 03:34:13', '2025-05-19 03:34:13'),
(219, 17, 71, 'Bintan', '2025-05-19 03:34:13', '2025-05-19 03:34:13'),
(220, 17, 172, 'Karimun', '2025-05-19 03:34:13', '2025-05-19 03:34:13'),
(221, 17, 184, 'Kepulauan Anambas', '2025-05-19 03:34:13', '2025-05-19 03:34:13'),
(222, 17, 237, 'Lingga', '2025-05-19 03:34:13', '2025-05-19 03:34:13'),
(223, 17, 302, 'Natuna', '2025-05-19 03:34:13', '2025-05-19 03:34:13'),
(224, 17, 462, 'Tanjung Pinang', '2025-05-19 03:34:13', '2025-05-19 03:34:13'),
(225, 18, 21, 'Bandar Lampung', '2025-05-19 03:34:15', '2025-05-19 03:34:15'),
(226, 18, 223, 'Lampung Barat', '2025-05-19 03:34:15', '2025-05-19 03:34:15'),
(227, 18, 224, 'Lampung Selatan', '2025-05-19 03:34:15', '2025-05-19 03:34:15'),
(228, 18, 225, 'Lampung Tengah', '2025-05-19 03:34:15', '2025-05-19 03:34:15'),
(229, 18, 226, 'Lampung Timur', '2025-05-19 03:34:15', '2025-05-19 03:34:15'),
(230, 18, 227, 'Lampung Utara', '2025-05-19 03:34:15', '2025-05-19 03:34:15'),
(231, 18, 282, 'Mesuji', '2025-05-19 03:34:15', '2025-05-19 03:34:15'),
(232, 18, 283, 'Metro', '2025-05-19 03:34:15', '2025-05-19 03:34:15'),
(233, 18, 355, 'Pesawaran', '2025-05-19 03:34:15', '2025-05-19 03:34:15'),
(234, 18, 356, 'Pesisir Barat', '2025-05-19 03:34:15', '2025-05-19 03:34:15'),
(235, 18, 368, 'Pringsewu', '2025-05-19 03:34:15', '2025-05-19 03:34:15'),
(236, 18, 458, 'Tanggamus', '2025-05-19 03:34:15', '2025-05-19 03:34:15'),
(237, 18, 490, 'Tulang Bawang', '2025-05-19 03:34:15', '2025-05-19 03:34:15'),
(238, 18, 491, 'Tulang Bawang Barat', '2025-05-19 03:34:15', '2025-05-19 03:34:15'),
(239, 18, 496, 'Way Kanan', '2025-05-19 03:34:15', '2025-05-19 03:34:15'),
(240, 19, 14, 'Ambon', '2025-05-19 03:34:16', '2025-05-19 03:34:16'),
(241, 19, 99, 'Buru', '2025-05-19 03:34:16', '2025-05-19 03:34:16'),
(242, 19, 100, 'Buru Selatan', '2025-05-19 03:34:16', '2025-05-19 03:34:16'),
(243, 19, 185, 'Kepulauan Aru', '2025-05-19 03:34:16', '2025-05-19 03:34:16'),
(244, 19, 258, 'Maluku Barat Daya', '2025-05-19 03:34:16', '2025-05-19 03:34:16'),
(245, 19, 259, 'Maluku Tengah', '2025-05-19 03:34:16', '2025-05-19 03:34:16'),
(246, 19, 260, 'Maluku Tenggara', '2025-05-19 03:34:16', '2025-05-19 03:34:16'),
(247, 19, 261, 'Maluku Tenggara Barat', '2025-05-19 03:34:16', '2025-05-19 03:34:16'),
(248, 19, 400, 'Seram Bagian Barat', '2025-05-19 03:34:16', '2025-05-19 03:34:16'),
(249, 19, 401, 'Seram Bagian Timur', '2025-05-19 03:34:16', '2025-05-19 03:34:16'),
(250, 19, 488, 'Tual', '2025-05-19 03:34:16', '2025-05-19 03:34:16'),
(251, 20, 138, 'Halmahera Barat', '2025-05-19 03:34:18', '2025-05-19 03:34:18'),
(252, 20, 139, 'Halmahera Selatan', '2025-05-19 03:34:18', '2025-05-19 03:34:18'),
(253, 20, 140, 'Halmahera Tengah', '2025-05-19 03:34:18', '2025-05-19 03:34:18'),
(254, 20, 141, 'Halmahera Timur', '2025-05-19 03:34:18', '2025-05-19 03:34:18'),
(255, 20, 142, 'Halmahera Utara', '2025-05-19 03:34:18', '2025-05-19 03:34:18'),
(256, 20, 191, 'Kepulauan Sula', '2025-05-19 03:34:18', '2025-05-19 03:34:18'),
(257, 20, 372, 'Pulau Morotai', '2025-05-19 03:34:18', '2025-05-19 03:34:18'),
(258, 20, 477, 'Ternate', '2025-05-19 03:34:18', '2025-05-19 03:34:18'),
(259, 20, 478, 'Tidore Kepulauan', '2025-05-19 03:34:18', '2025-05-19 03:34:18'),
(260, 21, 1, 'Aceh Barat', '2025-05-19 03:34:19', '2025-05-19 03:34:19'),
(261, 21, 2, 'Aceh Barat Daya', '2025-05-19 03:34:19', '2025-05-19 03:34:19'),
(262, 21, 3, 'Aceh Besar', '2025-05-19 03:34:19', '2025-05-19 03:34:19'),
(263, 21, 4, 'Aceh Jaya', '2025-05-19 03:34:19', '2025-05-19 03:34:19'),
(264, 21, 5, 'Aceh Selatan', '2025-05-19 03:34:19', '2025-05-19 03:34:19'),
(265, 21, 6, 'Aceh Singkil', '2025-05-19 03:34:19', '2025-05-19 03:34:19'),
(266, 21, 7, 'Aceh Tamiang', '2025-05-19 03:34:19', '2025-05-19 03:34:19'),
(267, 21, 8, 'Aceh Tengah', '2025-05-19 03:34:19', '2025-05-19 03:34:19'),
(268, 21, 9, 'Aceh Tenggara', '2025-05-19 03:34:19', '2025-05-19 03:34:19'),
(269, 21, 10, 'Aceh Timur', '2025-05-19 03:34:19', '2025-05-19 03:34:19'),
(270, 21, 11, 'Aceh Utara', '2025-05-19 03:34:19', '2025-05-19 03:34:19'),
(271, 21, 20, 'Banda Aceh', '2025-05-19 03:34:19', '2025-05-19 03:34:19'),
(272, 21, 59, 'Bener Meriah', '2025-05-19 03:34:19', '2025-05-19 03:34:19'),
(273, 21, 72, 'Bireuen', '2025-05-19 03:34:19', '2025-05-19 03:34:19'),
(274, 21, 127, 'Gayo Lues', '2025-05-19 03:34:19', '2025-05-19 03:34:19'),
(275, 21, 230, 'Langsa', '2025-05-19 03:34:19', '2025-05-19 03:34:19'),
(276, 21, 235, 'Lhokseumawe', '2025-05-19 03:34:19', '2025-05-19 03:34:19'),
(277, 21, 300, 'Nagan Raya', '2025-05-19 03:34:19', '2025-05-19 03:34:19'),
(278, 21, 358, 'Pidie', '2025-05-19 03:34:19', '2025-05-19 03:34:19'),
(279, 21, 359, 'Pidie Jaya', '2025-05-19 03:34:19', '2025-05-19 03:34:19'),
(280, 21, 384, 'Sabang', '2025-05-19 03:34:19', '2025-05-19 03:34:19'),
(281, 21, 414, 'Simeulue', '2025-05-19 03:34:19', '2025-05-19 03:34:19'),
(282, 21, 429, 'Subulussalam', '2025-05-19 03:34:19', '2025-05-19 03:34:19'),
(283, 22, 68, 'Bima', '2025-05-19 03:34:21', '2025-05-19 03:34:21'),
(284, 22, 69, 'Bima', '2025-05-19 03:34:21', '2025-05-19 03:34:21'),
(285, 22, 118, 'Dompu', '2025-05-19 03:34:21', '2025-05-19 03:34:21'),
(286, 22, 238, 'Lombok Barat', '2025-05-19 03:34:21', '2025-05-19 03:34:21'),
(287, 22, 239, 'Lombok Tengah', '2025-05-19 03:34:21', '2025-05-19 03:34:21'),
(288, 22, 240, 'Lombok Timur', '2025-05-19 03:34:21', '2025-05-19 03:34:21'),
(289, 22, 241, 'Lombok Utara', '2025-05-19 03:34:21', '2025-05-19 03:34:21'),
(290, 22, 276, 'Mataram', '2025-05-19 03:34:21', '2025-05-19 03:34:21'),
(291, 22, 438, 'Sumbawa', '2025-05-19 03:34:21', '2025-05-19 03:34:21'),
(292, 22, 439, 'Sumbawa Barat', '2025-05-19 03:34:21', '2025-05-19 03:34:21'),
(293, 23, 13, 'Alor', '2025-05-19 03:34:22', '2025-05-19 03:34:22'),
(294, 23, 58, 'Belu', '2025-05-19 03:34:22', '2025-05-19 03:34:22'),
(295, 23, 122, 'Ende', '2025-05-19 03:34:22', '2025-05-19 03:34:22'),
(296, 23, 125, 'Flores Timur', '2025-05-19 03:34:22', '2025-05-19 03:34:22'),
(297, 23, 212, 'Kupang', '2025-05-19 03:34:22', '2025-05-19 03:34:22'),
(298, 23, 213, 'Kupang', '2025-05-19 03:34:22', '2025-05-19 03:34:22'),
(299, 23, 234, 'Lembata', '2025-05-19 03:34:22', '2025-05-19 03:34:22'),
(300, 23, 269, 'Manggarai', '2025-05-19 03:34:22', '2025-05-19 03:34:22'),
(301, 23, 270, 'Manggarai Barat', '2025-05-19 03:34:22', '2025-05-19 03:34:22'),
(302, 23, 271, 'Manggarai Timur', '2025-05-19 03:34:23', '2025-05-19 03:34:23'),
(303, 23, 301, 'Nagekeo', '2025-05-19 03:34:23', '2025-05-19 03:34:23'),
(304, 23, 304, 'Ngada', '2025-05-19 03:34:23', '2025-05-19 03:34:23'),
(305, 23, 383, 'Rote Ndao', '2025-05-19 03:34:23', '2025-05-19 03:34:23'),
(306, 23, 385, 'Sabu Raijua', '2025-05-19 03:34:23', '2025-05-19 03:34:23'),
(307, 23, 412, 'Sikka', '2025-05-19 03:34:23', '2025-05-19 03:34:23'),
(308, 23, 434, 'Sumba Barat', '2025-05-19 03:34:23', '2025-05-19 03:34:23'),
(309, 23, 435, 'Sumba Barat Daya', '2025-05-19 03:34:23', '2025-05-19 03:34:23'),
(310, 23, 436, 'Sumba Tengah', '2025-05-19 03:34:23', '2025-05-19 03:34:23'),
(311, 23, 437, 'Sumba Timur', '2025-05-19 03:34:23', '2025-05-19 03:34:23'),
(312, 23, 479, 'Timor Tengah Selatan', '2025-05-19 03:34:23', '2025-05-19 03:34:23'),
(313, 23, 480, 'Timor Tengah Utara', '2025-05-19 03:34:23', '2025-05-19 03:34:23'),
(314, 24, 16, 'Asmat', '2025-05-19 03:34:24', '2025-05-19 03:34:24'),
(315, 24, 67, 'Biak Numfor', '2025-05-19 03:34:24', '2025-05-19 03:34:24'),
(316, 24, 90, 'Boven Digoel', '2025-05-19 03:34:24', '2025-05-19 03:34:24'),
(317, 24, 111, 'Deiyai (Deliyai)', '2025-05-19 03:34:24', '2025-05-19 03:34:24'),
(318, 24, 117, 'Dogiyai', '2025-05-19 03:34:24', '2025-05-19 03:34:24'),
(319, 24, 150, 'Intan Jaya', '2025-05-19 03:34:24', '2025-05-19 03:34:24'),
(320, 24, 157, 'Jayapura', '2025-05-19 03:34:24', '2025-05-19 03:34:24'),
(321, 24, 158, 'Jayapura', '2025-05-19 03:34:24', '2025-05-19 03:34:24'),
(322, 24, 159, 'Jayawijaya', '2025-05-19 03:34:24', '2025-05-19 03:34:24'),
(323, 24, 180, 'Keerom', '2025-05-19 03:34:24', '2025-05-19 03:34:24'),
(324, 24, 193, 'Kepulauan Yapen (Yapen Waropen)', '2025-05-19 03:34:24', '2025-05-19 03:34:24'),
(325, 24, 231, 'Lanny Jaya', '2025-05-19 03:34:24', '2025-05-19 03:34:24'),
(326, 24, 263, 'Mamberamo Raya', '2025-05-19 03:34:24', '2025-05-19 03:34:24'),
(327, 24, 264, 'Mamberamo Tengah', '2025-05-19 03:34:24', '2025-05-19 03:34:24'),
(328, 24, 274, 'Mappi', '2025-05-19 03:34:24', '2025-05-19 03:34:24'),
(329, 24, 281, 'Merauke', '2025-05-19 03:34:24', '2025-05-19 03:34:24'),
(330, 24, 284, 'Mimika', '2025-05-19 03:34:24', '2025-05-19 03:34:24'),
(331, 24, 299, 'Nabire', '2025-05-19 03:34:24', '2025-05-19 03:34:24'),
(332, 24, 303, 'Nduga', '2025-05-19 03:34:24', '2025-05-19 03:34:24'),
(333, 24, 335, 'Paniai', '2025-05-19 03:34:24', '2025-05-19 03:34:24'),
(334, 24, 347, 'Pegunungan Bintang', '2025-05-19 03:34:24', '2025-05-19 03:34:24'),
(335, 24, 373, 'Puncak', '2025-05-19 03:34:24', '2025-05-19 03:34:24'),
(336, 24, 374, 'Puncak Jaya', '2025-05-19 03:34:24', '2025-05-19 03:34:24'),
(337, 24, 392, 'Sarmi', '2025-05-19 03:34:24', '2025-05-19 03:34:24'),
(338, 24, 443, 'Supiori', '2025-05-19 03:34:24', '2025-05-19 03:34:24'),
(339, 24, 484, 'Tolikara', '2025-05-19 03:34:24', '2025-05-19 03:34:24'),
(340, 24, 495, 'Waropen', '2025-05-19 03:34:24', '2025-05-19 03:34:24'),
(341, 24, 499, 'Yahukimo', '2025-05-19 03:34:24', '2025-05-19 03:34:24'),
(342, 24, 500, 'Yalimo', '2025-05-19 03:34:24', '2025-05-19 03:34:24'),
(343, 25, 124, 'Fakfak', '2025-05-19 03:34:26', '2025-05-19 03:34:26'),
(344, 25, 165, 'Kaimana', '2025-05-19 03:34:26', '2025-05-19 03:34:26'),
(345, 25, 272, 'Manokwari', '2025-05-19 03:34:26', '2025-05-19 03:34:26'),
(346, 25, 273, 'Manokwari Selatan', '2025-05-19 03:34:26', '2025-05-19 03:34:26'),
(347, 25, 277, 'Maybrat', '2025-05-19 03:34:26', '2025-05-19 03:34:26'),
(348, 25, 346, 'Pegunungan Arfak', '2025-05-19 03:34:26', '2025-05-19 03:34:26'),
(349, 25, 378, 'Raja Ampat', '2025-05-19 03:34:26', '2025-05-19 03:34:26'),
(350, 25, 424, 'Sorong', '2025-05-19 03:34:26', '2025-05-19 03:34:26'),
(351, 25, 425, 'Sorong', '2025-05-19 03:34:26', '2025-05-19 03:34:26'),
(352, 25, 426, 'Sorong Selatan', '2025-05-19 03:34:26', '2025-05-19 03:34:26'),
(353, 25, 449, 'Tambrauw', '2025-05-19 03:34:26', '2025-05-19 03:34:26'),
(354, 25, 474, 'Teluk Bintuni', '2025-05-19 03:34:26', '2025-05-19 03:34:26'),
(355, 25, 475, 'Teluk Wondama', '2025-05-19 03:34:26', '2025-05-19 03:34:26'),
(356, 26, 60, 'Bengkalis', '2025-05-19 03:34:28', '2025-05-19 03:34:28'),
(357, 26, 120, 'Dumai', '2025-05-19 03:34:28', '2025-05-19 03:34:28'),
(358, 26, 147, 'Indragiri Hilir', '2025-05-19 03:34:28', '2025-05-19 03:34:28'),
(359, 26, 148, 'Indragiri Hulu', '2025-05-19 03:34:28', '2025-05-19 03:34:28'),
(360, 26, 166, 'Kampar', '2025-05-19 03:34:28', '2025-05-19 03:34:28'),
(361, 26, 187, 'Kepulauan Meranti', '2025-05-19 03:34:28', '2025-05-19 03:34:28'),
(362, 26, 207, 'Kuantan Singingi', '2025-05-19 03:34:28', '2025-05-19 03:34:28'),
(363, 26, 350, 'Pekanbaru', '2025-05-19 03:34:28', '2025-05-19 03:34:28'),
(364, 26, 351, 'Pelalawan', '2025-05-19 03:34:28', '2025-05-19 03:34:28'),
(365, 26, 381, 'Rokan Hilir', '2025-05-19 03:34:28', '2025-05-19 03:34:28'),
(366, 26, 382, 'Rokan Hulu', '2025-05-19 03:34:28', '2025-05-19 03:34:28'),
(367, 26, 406, 'Siak', '2025-05-19 03:34:28', '2025-05-19 03:34:28'),
(368, 27, 253, 'Majene', '2025-05-19 03:34:29', '2025-05-19 03:34:29'),
(369, 27, 262, 'Mamasa', '2025-05-19 03:34:29', '2025-05-19 03:34:29'),
(370, 27, 265, 'Mamuju', '2025-05-19 03:34:29', '2025-05-19 03:34:29'),
(371, 27, 266, 'Mamuju Utara', '2025-05-19 03:34:29', '2025-05-19 03:34:29'),
(372, 27, 362, 'Polewali Mandar', '2025-05-19 03:34:29', '2025-05-19 03:34:29'),
(373, 28, 38, 'Bantaeng', '2025-05-19 03:34:30', '2025-05-19 03:34:30'),
(374, 28, 47, 'Barru', '2025-05-19 03:34:31', '2025-05-19 03:34:31'),
(375, 28, 87, 'Bone', '2025-05-19 03:34:31', '2025-05-19 03:34:31'),
(376, 28, 95, 'Bulukumba', '2025-05-19 03:34:31', '2025-05-19 03:34:31'),
(377, 28, 123, 'Enrekang', '2025-05-19 03:34:31', '2025-05-19 03:34:31'),
(378, 28, 132, 'Gowa', '2025-05-19 03:34:31', '2025-05-19 03:34:31'),
(379, 28, 162, 'Jeneponto', '2025-05-19 03:34:31', '2025-05-19 03:34:31'),
(380, 28, 244, 'Luwu', '2025-05-19 03:34:31', '2025-05-19 03:34:31'),
(381, 28, 245, 'Luwu Timur', '2025-05-19 03:34:31', '2025-05-19 03:34:31'),
(382, 28, 246, 'Luwu Utara', '2025-05-19 03:34:31', '2025-05-19 03:34:31'),
(383, 28, 254, 'Makassar', '2025-05-19 03:34:31', '2025-05-19 03:34:31'),
(384, 28, 275, 'Maros', '2025-05-19 03:34:31', '2025-05-19 03:34:31'),
(385, 28, 328, 'Palopo', '2025-05-19 03:34:31', '2025-05-19 03:34:31'),
(386, 28, 333, 'Pangkajene Kepulauan', '2025-05-19 03:34:31', '2025-05-19 03:34:31'),
(387, 28, 336, 'Parepare', '2025-05-19 03:34:31', '2025-05-19 03:34:31'),
(388, 28, 360, 'Pinrang', '2025-05-19 03:34:31', '2025-05-19 03:34:31'),
(389, 28, 396, 'Selayar (Kepulauan Selayar)', '2025-05-19 03:34:31', '2025-05-19 03:34:31'),
(390, 28, 408, 'Sidenreng Rappang/Rapang', '2025-05-19 03:34:31', '2025-05-19 03:34:31'),
(391, 28, 416, 'Sinjai', '2025-05-19 03:34:31', '2025-05-19 03:34:31'),
(392, 28, 423, 'Soppeng', '2025-05-19 03:34:31', '2025-05-19 03:34:31'),
(393, 28, 448, 'Takalar', '2025-05-19 03:34:31', '2025-05-19 03:34:31'),
(394, 28, 451, 'Tana Toraja', '2025-05-19 03:34:31', '2025-05-19 03:34:31'),
(395, 28, 486, 'Toraja Utara', '2025-05-19 03:34:31', '2025-05-19 03:34:31'),
(396, 28, 493, 'Wajo', '2025-05-19 03:34:31', '2025-05-19 03:34:31'),
(397, 29, 25, 'Banggai', '2025-05-19 03:34:32', '2025-05-19 03:34:32'),
(398, 29, 26, 'Banggai Kepulauan', '2025-05-19 03:34:32', '2025-05-19 03:34:32'),
(399, 29, 98, 'Buol', '2025-05-19 03:34:32', '2025-05-19 03:34:32'),
(400, 29, 119, 'Donggala', '2025-05-19 03:34:32', '2025-05-19 03:34:32'),
(401, 29, 291, 'Morowali', '2025-05-19 03:34:32', '2025-05-19 03:34:32'),
(402, 29, 329, 'Palu', '2025-05-19 03:34:32', '2025-05-19 03:34:32'),
(403, 29, 338, 'Parigi Moutong', '2025-05-19 03:34:32', '2025-05-19 03:34:32'),
(404, 29, 366, 'Poso', '2025-05-19 03:34:32', '2025-05-19 03:34:32'),
(405, 29, 410, 'Sigi', '2025-05-19 03:34:33', '2025-05-19 03:34:33'),
(406, 29, 482, 'Tojo Una-Una', '2025-05-19 03:34:33', '2025-05-19 03:34:33'),
(407, 29, 483, 'Toli-Toli', '2025-05-19 03:34:33', '2025-05-19 03:34:33'),
(408, 30, 53, 'Bau-Bau', '2025-05-19 03:34:34', '2025-05-19 03:34:34'),
(409, 30, 85, 'Bombana', '2025-05-19 03:34:34', '2025-05-19 03:34:34'),
(410, 30, 101, 'Buton', '2025-05-19 03:34:34', '2025-05-19 03:34:34'),
(411, 30, 102, 'Buton Utara', '2025-05-19 03:34:34', '2025-05-19 03:34:34'),
(412, 30, 182, 'Kendari', '2025-05-19 03:34:34', '2025-05-19 03:34:34'),
(413, 30, 198, 'Kolaka', '2025-05-19 03:34:34', '2025-05-19 03:34:34'),
(414, 30, 199, 'Kolaka Utara', '2025-05-19 03:34:34', '2025-05-19 03:34:34'),
(415, 30, 200, 'Konawe', '2025-05-19 03:34:34', '2025-05-19 03:34:34'),
(416, 30, 201, 'Konawe Selatan', '2025-05-19 03:34:34', '2025-05-19 03:34:34'),
(417, 30, 202, 'Konawe Utara', '2025-05-19 03:34:34', '2025-05-19 03:34:34'),
(418, 30, 295, 'Muna', '2025-05-19 03:34:34', '2025-05-19 03:34:34'),
(419, 30, 494, 'Wakatobi', '2025-05-19 03:34:34', '2025-05-19 03:34:34'),
(420, 31, 73, 'Bitung', '2025-05-19 03:34:36', '2025-05-19 03:34:36'),
(421, 31, 81, 'Bolaang Mongondow (Bolmong)', '2025-05-19 03:34:36', '2025-05-19 03:34:36'),
(422, 31, 82, 'Bolaang Mongondow Selatan', '2025-05-19 03:34:36', '2025-05-19 03:34:36'),
(423, 31, 83, 'Bolaang Mongondow Timur', '2025-05-19 03:34:36', '2025-05-19 03:34:36'),
(424, 31, 84, 'Bolaang Mongondow Utara', '2025-05-19 03:34:36', '2025-05-19 03:34:36'),
(425, 31, 188, 'Kepulauan Sangihe', '2025-05-19 03:34:36', '2025-05-19 03:34:36'),
(426, 31, 190, 'Kepulauan Siau Tagulandang Biaro (Sitaro)', '2025-05-19 03:34:36', '2025-05-19 03:34:36'),
(427, 31, 192, 'Kepulauan Talaud', '2025-05-19 03:34:36', '2025-05-19 03:34:36'),
(428, 31, 204, 'Kotamobagu', '2025-05-19 03:34:36', '2025-05-19 03:34:36'),
(429, 31, 267, 'Manado', '2025-05-19 03:34:36', '2025-05-19 03:34:36'),
(430, 31, 285, 'Minahasa', '2025-05-19 03:34:36', '2025-05-19 03:34:36'),
(431, 31, 286, 'Minahasa Selatan', '2025-05-19 03:34:36', '2025-05-19 03:34:36'),
(432, 31, 287, 'Minahasa Tenggara', '2025-05-19 03:34:36', '2025-05-19 03:34:36'),
(433, 31, 288, 'Minahasa Utara', '2025-05-19 03:34:36', '2025-05-19 03:34:36'),
(434, 31, 485, 'Tomohon', '2025-05-19 03:34:36', '2025-05-19 03:34:36'),
(435, 32, 12, 'Agam', '2025-05-19 03:34:37', '2025-05-19 03:34:37'),
(436, 32, 93, 'Bukittinggi', '2025-05-19 03:34:37', '2025-05-19 03:34:37'),
(437, 32, 116, 'Dharmasraya', '2025-05-19 03:34:37', '2025-05-19 03:34:37'),
(438, 32, 186, 'Kepulauan Mentawai', '2025-05-19 03:34:37', '2025-05-19 03:34:37'),
(439, 32, 236, 'Lima Puluh Koto/Kota', '2025-05-19 03:34:37', '2025-05-19 03:34:37'),
(440, 32, 318, 'Padang', '2025-05-19 03:34:37', '2025-05-19 03:34:37'),
(441, 32, 321, 'Padang Panjang', '2025-05-19 03:34:37', '2025-05-19 03:34:37'),
(442, 32, 322, 'Padang Pariaman', '2025-05-19 03:34:37', '2025-05-19 03:34:37'),
(443, 32, 337, 'Pariaman', '2025-05-19 03:34:37', '2025-05-19 03:34:37'),
(444, 32, 339, 'Pasaman', '2025-05-19 03:34:37', '2025-05-19 03:34:37'),
(445, 32, 340, 'Pasaman Barat', '2025-05-19 03:34:37', '2025-05-19 03:34:37'),
(446, 32, 345, 'Payakumbuh', '2025-05-19 03:34:37', '2025-05-19 03:34:37'),
(447, 32, 357, 'Pesisir Selatan', '2025-05-19 03:34:37', '2025-05-19 03:34:37'),
(448, 32, 394, 'Sawah Lunto', '2025-05-19 03:34:37', '2025-05-19 03:34:37'),
(449, 32, 411, 'Sijunjung (Sawah Lunto Sijunjung)', '2025-05-19 03:34:37', '2025-05-19 03:34:37'),
(450, 32, 420, 'Solok', '2025-05-19 03:34:37', '2025-05-19 03:34:37'),
(451, 32, 421, 'Solok', '2025-05-19 03:34:37', '2025-05-19 03:34:37'),
(452, 32, 422, 'Solok Selatan', '2025-05-19 03:34:37', '2025-05-19 03:34:37'),
(453, 32, 453, 'Tanah Datar', '2025-05-19 03:34:37', '2025-05-19 03:34:37'),
(454, 33, 40, 'Banyuasin', '2025-05-19 03:34:39', '2025-05-19 03:34:39'),
(455, 33, 121, 'Empat Lawang', '2025-05-19 03:34:39', '2025-05-19 03:34:39'),
(456, 33, 220, 'Lahat', '2025-05-19 03:34:39', '2025-05-19 03:34:39'),
(457, 33, 242, 'Lubuk Linggau', '2025-05-19 03:34:39', '2025-05-19 03:34:39'),
(458, 33, 292, 'Muara Enim', '2025-05-19 03:34:39', '2025-05-19 03:34:39'),
(459, 33, 297, 'Musi Banyuasin', '2025-05-19 03:34:39', '2025-05-19 03:34:39'),
(460, 33, 298, 'Musi Rawas', '2025-05-19 03:34:39', '2025-05-19 03:34:39'),
(461, 33, 312, 'Ogan Ilir', '2025-05-19 03:34:39', '2025-05-19 03:34:39'),
(462, 33, 313, 'Ogan Komering Ilir', '2025-05-19 03:34:39', '2025-05-19 03:34:39'),
(463, 33, 314, 'Ogan Komering Ulu', '2025-05-19 03:34:39', '2025-05-19 03:34:39'),
(464, 33, 315, 'Ogan Komering Ulu Selatan', '2025-05-19 03:34:39', '2025-05-19 03:34:39'),
(465, 33, 316, 'Ogan Komering Ulu Timur', '2025-05-19 03:34:39', '2025-05-19 03:34:39'),
(466, 33, 324, 'Pagar Alam', '2025-05-19 03:34:39', '2025-05-19 03:34:39'),
(467, 33, 327, 'Palembang', '2025-05-19 03:34:39', '2025-05-19 03:34:39'),
(468, 33, 367, 'Prabumulih', '2025-05-19 03:34:39', '2025-05-19 03:34:39'),
(469, 34, 15, 'Asahan', '2025-05-19 03:34:41', '2025-05-19 03:34:41'),
(470, 34, 52, 'Batu Bara', '2025-05-19 03:34:41', '2025-05-19 03:34:41'),
(471, 34, 70, 'Binjai', '2025-05-19 03:34:41', '2025-05-19 03:34:41'),
(472, 34, 110, 'Dairi', '2025-05-19 03:34:41', '2025-05-19 03:34:41'),
(473, 34, 112, 'Deli Serdang', '2025-05-19 03:34:41', '2025-05-19 03:34:41'),
(474, 34, 137, 'Gunungsitoli', '2025-05-19 03:34:41', '2025-05-19 03:34:41'),
(475, 34, 146, 'Humbang Hasundutan', '2025-05-19 03:34:41', '2025-05-19 03:34:41'),
(476, 34, 173, 'Karo', '2025-05-19 03:34:41', '2025-05-19 03:34:41'),
(477, 34, 217, 'Labuhan Batu', '2025-05-19 03:34:41', '2025-05-19 03:34:41'),
(478, 34, 218, 'Labuhan Batu Selatan', '2025-05-19 03:34:41', '2025-05-19 03:34:41'),
(479, 34, 219, 'Labuhan Batu Utara', '2025-05-19 03:34:41', '2025-05-19 03:34:41'),
(480, 34, 229, 'Langkat', '2025-05-19 03:34:41', '2025-05-19 03:34:41'),
(481, 34, 268, 'Mandailing Natal', '2025-05-19 03:34:41', '2025-05-19 03:34:41'),
(482, 34, 278, 'Medan', '2025-05-19 03:34:41', '2025-05-19 03:34:41'),
(483, 34, 307, 'Nias', '2025-05-19 03:34:41', '2025-05-19 03:34:41'),
(484, 34, 308, 'Nias Barat', '2025-05-19 03:34:41', '2025-05-19 03:34:41'),
(485, 34, 309, 'Nias Selatan', '2025-05-19 03:34:41', '2025-05-19 03:34:41'),
(486, 34, 310, 'Nias Utara', '2025-05-19 03:34:41', '2025-05-19 03:34:41'),
(487, 34, 319, 'Padang Lawas', '2025-05-19 03:34:41', '2025-05-19 03:34:41'),
(488, 34, 320, 'Padang Lawas Utara', '2025-05-19 03:34:41', '2025-05-19 03:34:41'),
(489, 34, 323, 'Padang Sidempuan', '2025-05-19 03:34:41', '2025-05-19 03:34:41'),
(490, 34, 325, 'Pakpak Bharat', '2025-05-19 03:34:41', '2025-05-19 03:34:41'),
(491, 34, 353, 'Pematang Siantar', '2025-05-19 03:34:41', '2025-05-19 03:34:41'),
(492, 34, 389, 'Samosir', '2025-05-19 03:34:41', '2025-05-19 03:34:41'),
(493, 34, 404, 'Serdang Bedagai', '2025-05-19 03:34:41', '2025-05-19 03:34:41'),
(494, 34, 407, 'Sibolga', '2025-05-19 03:34:41', '2025-05-19 03:34:41'),
(495, 34, 413, 'Simalungun', '2025-05-19 03:34:41', '2025-05-19 03:34:41'),
(496, 34, 459, 'Tanjung Balai', '2025-05-19 03:34:41', '2025-05-19 03:34:41'),
(497, 34, 463, 'Tapanuli Selatan', '2025-05-19 03:34:41', '2025-05-19 03:34:41'),
(498, 34, 464, 'Tapanuli Tengah', '2025-05-19 03:34:41', '2025-05-19 03:34:41'),
(499, 34, 465, 'Tapanuli Utara', '2025-05-19 03:34:41', '2025-05-19 03:34:41'),
(500, 34, 470, 'Tebing Tinggi', '2025-05-19 03:34:41', '2025-05-19 03:34:41'),
(501, 34, 481, 'Toba Samosir', '2025-05-19 03:34:41', '2025-05-19 03:34:41');

-- --------------------------------------------------------

--
-- Table structure for table `failed_jobs`
--

CREATE TABLE `failed_jobs` (
  `id` bigint UNSIGNED NOT NULL,
  `uuid` varchar(255) COLLATE utf8mb4_unicode_ci NOT NULL,
  `connection` text COLLATE utf8mb4_unicode_ci NOT NULL,
  `queue` text COLLATE utf8mb4_unicode_ci NOT NULL,
  `payload` longtext COLLATE utf8mb4_unicode_ci NOT NULL,
  `exception` longtext COLLATE utf8mb4_unicode_ci NOT NULL,
  `failed_at` timestamp NOT NULL DEFAULT CURRENT_TIMESTAMP
) ENGINE=InnoDB DEFAULT CHARSET=utf8mb4 COLLATE=utf8mb4_unicode_ci;

-- --------------------------------------------------------

--
-- Table structure for table `kurir`
--

CREATE TABLE `kurir` (
  `kurir_id` bigint UNSIGNED NOT NULL,
  `status` enum('aktif','nonaktif','sedang menerima orderan') CHARACTER SET utf8mb4 COLLATE utf8mb4_unicode_ci NOT NULL DEFAULT 'aktif',
  `created_at` timestamp NULL DEFAULT NULL,
  `updated_at` timestamp NULL DEFAULT NULL,
  `rating` bigint DEFAULT NULL,
  `user_id` bigint UNSIGNED NOT NULL
) ENGINE=InnoDB DEFAULT CHARSET=utf8mb4 COLLATE=utf8mb4_unicode_ci;

--
-- Dumping data for table `kurir`
--

INSERT INTO `kurir` (`kurir_id`, `status`, `created_at`, `updated_at`, `rating`, `user_id`) VALUES
(24, 'aktif', NULL, NULL, 3, 18),
(25, 'aktif', NULL, NULL, 3, 20);

-- --------------------------------------------------------

--
-- Table structure for table `migrations`
--

CREATE TABLE `migrations` (
  `id` int UNSIGNED NOT NULL,
  `migration` varchar(255) COLLATE utf8mb4_unicode_ci NOT NULL,
  `batch` int NOT NULL
) ENGINE=InnoDB DEFAULT CHARSET=utf8mb4 COLLATE=utf8mb4_unicode_ci;

--
-- Dumping data for table `migrations`
--

INSERT INTO `migrations` (`id`, `migration`, `batch`) VALUES
(1, '2014_10_12_000000_create_users_table', 1),
(2, '2014_10_12_100000_create_password_reset_tokens_table', 1),
(3, '2019_08_19_000000_create_failed_jobs_table', 1),
(4, '2019_12_14_000001_create_personal_access_tokens_table', 1),
(5, '2023_12_12_072543_create_permission_tables', 1),
(6, '2023_12_31_064553_create_settings_table', 1),
(7, '2025_03_25_045408_create_kurir_table', 2),
(8, '2025_03_27_030902_add_password_and_rating_to_kurir_table', 3),
(9, '2025_03_27_021656_create_pengirimans_table', 4),
(10, '2025_03_27_071304_create_pengiriman_table', 5),
(11, '2025_04_10_084723_create_tracking_logs_table', 6),
(12, '2025_04_11_020549_add_no_resi_to_pengiriman_table', 7),
(13, '2025_04_15_044827_create_pengirimans_table', 8),
(14, '2025_04_15_045255_add_masalah_to_pengirimans_table', 9),
(15, '2025_04_17_033210_create_transaksi_table', 10),
(16, '2025_04_23_102831_create_pengguna_table', 11),
(17, '2025_05_16_084331_create_provinces_table', 12),
(18, '2025_05_16_084426_create_cities_table', 12),
(19, '2025_05_19_101204_create_provinces_table', 13),
(20, '2025_05_19_101211_create_cities_table', 13),
(21, '2025_05_20_113249_create_transaksii_table', 14),
(22, '2025_06_16_113603_add_checkout_link_to_transaksii_table', 15),
(23, '2025_06_16_141709_create_pembayaran', 16),
(24, '2025_06_18_084557_create_payment', 17),
(25, '2025_06_18_114245_create_pembayaran', 18),
(26, '2025_06_23_151950_add_status_pembayaran_to_transaksii_table', 19);

-- --------------------------------------------------------

--
-- Table structure for table `model_has_permissions`
--

CREATE TABLE `model_has_permissions` (
  `permission_id` bigint UNSIGNED NOT NULL,
  `model_type` varchar(255) COLLATE utf8mb4_unicode_ci NOT NULL,
  `model_id` char(36) COLLATE utf8mb4_unicode_ci NOT NULL
) ENGINE=InnoDB DEFAULT CHARSET=utf8mb4 COLLATE=utf8mb4_unicode_ci;

-- --------------------------------------------------------

--
-- Table structure for table `model_has_roles`
--

CREATE TABLE `model_has_roles` (
  `role_id` bigint UNSIGNED NOT NULL,
  `model_type` varchar(255) COLLATE utf8mb4_unicode_ci NOT NULL,
  `model_id` char(36) COLLATE utf8mb4_unicode_ci NOT NULL
) ENGINE=InnoDB DEFAULT CHARSET=utf8mb4 COLLATE=utf8mb4_unicode_ci;

--
-- Dumping data for table `model_has_roles`
--

INSERT INTO `model_has_roles` (`role_id`, `model_type`, `model_id`) VALUES
(1, 'App\\Models\\User', '1'),
(2, 'App\\Models\\User', '18'),
(3, 'App\\Models\\User', '19'),
(2, 'App\\Models\\User', '20'),
(3, 'App\\Models\\User', '21'),
(3, 'App\\Models\\User', '22'),
(4, 'App\\Models\\User', '24');

-- --------------------------------------------------------

--
-- Table structure for table `password_reset_tokens`
--

CREATE TABLE `password_reset_tokens` (
  `email` varchar(255) COLLATE utf8mb4_unicode_ci NOT NULL,
  `token` varchar(255) COLLATE utf8mb4_unicode_ci NOT NULL,
  `created_at` timestamp NULL DEFAULT NULL
) ENGINE=InnoDB DEFAULT CHARSET=utf8mb4 COLLATE=utf8mb4_unicode_ci;

-- --------------------------------------------------------

--
-- Table structure for table `payment`
--

CREATE TABLE `payment` (
  `id` bigint UNSIGNED NOT NULL,
  `order_id` varchar(255) COLLATE utf8mb4_unicode_ci NOT NULL,
  `status` varchar(255) COLLATE utf8mb4_unicode_ci NOT NULL,
  `price` double NOT NULL,
  `item_name` varchar(255) COLLATE utf8mb4_unicode_ci NOT NULL,
  `customer` varchar(255) COLLATE utf8mb4_unicode_ci NOT NULL,
  `customer_email` varchar(255) COLLATE utf8mb4_unicode_ci NOT NULL,
  `checkout_link` varchar(255) COLLATE utf8mb4_unicode_ci NOT NULL,
  `created_at` timestamp NULL DEFAULT NULL,
  `updated_at` timestamp NULL DEFAULT NULL
) ENGINE=InnoDB DEFAULT CHARSET=utf8mb4 COLLATE=utf8mb4_unicode_ci;

--
-- Dumping data for table `payment`
--

INSERT INTO `payment` (`id`, `order_id`, `status`, `price`, `item_name`, `customer`, `customer_email`, `checkout_link`, `created_at`, `updated_at`) VALUES
(1, '6cce750d-c656-491a-8e47-5205119af89d', 'pending', 100000, 'Belajar Integrasi', 'Farah', 'farahmonica28@gmail.com', 'https://app.sandbox.midtrans.com/snap/v4/redirection/2f9afdee-71fc-49ea-9456-f84f2e713792', '2025-06-18 04:04:06', '2025-06-18 04:04:06');

-- --------------------------------------------------------

--
-- Table structure for table `pembayaran`
--

CREATE TABLE `pembayaran` (
  `id` bigint UNSIGNED NOT NULL,
  `transaksii_id` bigint UNSIGNED NOT NULL,
  `checkout_link` varchar(255) COLLATE utf8mb4_unicode_ci NOT NULL,
  `item_name` varchar(255) COLLATE utf8mb4_unicode_ci NOT NULL,
  `price` double NOT NULL,
  `customer` varchar(255) COLLATE utf8mb4_unicode_ci NOT NULL,
  `customer_email` varchar(255) COLLATE utf8mb4_unicode_ci NOT NULL,
  `status` varchar(255) COLLATE utf8mb4_unicode_ci NOT NULL,
  `created_at` timestamp NULL DEFAULT NULL,
  `updated_at` timestamp NULL DEFAULT NULL
) ENGINE=InnoDB DEFAULT CHARSET=utf8mb4 COLLATE=utf8mb4_unicode_ci;

-- --------------------------------------------------------

--
-- Table structure for table `pengguna`
--

CREATE TABLE `pengguna` (
  `pengguna_id` bigint UNSIGNED NOT NULL,
  `user_id` bigint UNSIGNED NOT NULL,
  `alamat` text COLLATE utf8mb4_unicode_ci NOT NULL,
  `created_at` timestamp NULL DEFAULT NULL,
  `updated_at` timestamp NULL DEFAULT NULL
) ENGINE=InnoDB DEFAULT CHARSET=utf8mb4 COLLATE=utf8mb4_unicode_ci;

--
-- Dumping data for table `pengguna`
--

INSERT INTO `pengguna` (`pengguna_id`, `user_id`, `alamat`, `created_at`, `updated_at`) VALUES
(1, 21, 'alamat', '2025-04-23 04:15:06', '2025-04-23 04:15:06'),
(2, 22, 'alamat', '2025-04-25 01:29:32', '2025-04-25 01:29:32');

-- --------------------------------------------------------

--
-- Table structure for table `pengiriman`
--

CREATE TABLE `pengiriman` (
  `id` bigint UNSIGNED NOT NULL,
  `transaksii_id` bigint UNSIGNED NOT NULL,
  `kurir_id` bigint UNSIGNED DEFAULT NULL,
  `deskripsi` text COLLATE utf8mb4_unicode_ci,
  `status` enum('ambil','antar','gudang') CHARACTER SET utf8mb4 COLLATE utf8mb4_unicode_ci NOT NULL DEFAULT 'ambil',
  `rating` int DEFAULT NULL,
  `komentar` text COLLATE utf8mb4_unicode_ci,
  `created_at` timestamp NULL DEFAULT NULL,
  `updated_at` timestamp NULL DEFAULT NULL
) ENGINE=InnoDB DEFAULT CHARSET=utf8mb4 COLLATE=utf8mb4_unicode_ci;

--
-- Dumping data for table `pengiriman`
--

INSERT INTO `pengiriman` (`id`, `transaksii_id`, `kurir_id`, `deskripsi`, `status`, `rating`, `komentar`, `created_at`, `updated_at`) VALUES
(61, 71, 24, NULL, 'ambil', NULL, NULL, '2025-07-08 07:57:13', '2025-07-08 07:57:13'),
(62, 71, NULL, NULL, 'gudang', NULL, NULL, '2025-07-08 08:00:11', '2025-07-08 08:00:11'),
(63, 71, 25, NULL, 'antar', NULL, NULL, '2025-07-08 08:04:48', '2025-07-08 08:04:48'),
(64, 72, 25, NULL, 'ambil', NULL, NULL, '2025-07-08 08:11:21', '2025-07-08 08:11:21'),
(65, 72, NULL, NULL, 'gudang', NULL, NULL, '2025-07-09 02:40:33', '2025-07-09 02:40:33'),
(66, 72, 24, NULL, 'antar', NULL, NULL, '2025-07-09 03:17:07', '2025-07-09 03:17:07');

-- --------------------------------------------------------

--
-- Table structure for table `pengirimans`
--

CREATE TABLE `pengirimans` (
  `id` bigint UNSIGNED NOT NULL,
  `no_resi` varchar(255) COLLATE utf8mb4_unicode_ci NOT NULL,
  `penerima` varchar(255) COLLATE utf8mb4_unicode_ci NOT NULL,
  `alamat_tujuan` text COLLATE utf8mb4_unicode_ci NOT NULL,
  `status` enum('belum_diambil','diambil','sedang_dikirim','terkirim','gagal') COLLATE utf8mb4_unicode_ci NOT NULL DEFAULT 'belum_diambil',
  `masalah` text COLLATE utf8mb4_unicode_ci,
  `waktu_masalah` timestamp NULL DEFAULT NULL,
  `waktu_ambil` timestamp NULL DEFAULT NULL,
  `waktu_kirim` timestamp NULL DEFAULT NULL,
  `kurir_id` bigint UNSIGNED DEFAULT NULL,
  `created_at` timestamp NULL DEFAULT NULL,
  `updated_at` timestamp NULL DEFAULT NULL
) ENGINE=InnoDB DEFAULT CHARSET=utf8mb4 COLLATE=utf8mb4_unicode_ci;

--
-- Dumping data for table `pengirimans`
--

INSERT INTO `pengirimans` (`id`, `no_resi`, `penerima`, `alamat_tujuan`, `status`, `masalah`, `waktu_masalah`, `waktu_ambil`, `waktu_kirim`, `kurir_id`, `created_at`, `updated_at`) VALUES
(1, '123456', 'farah', 'bringin', 'belum_diambil', NULL, NULL, NULL, NULL, 20, NULL, NULL);

-- --------------------------------------------------------

--
-- Table structure for table `permissions`
--

CREATE TABLE `permissions` (
  `id` bigint UNSIGNED NOT NULL,
  `name` varchar(255) COLLATE utf8mb4_unicode_ci NOT NULL,
  `guard_name` varchar(255) COLLATE utf8mb4_unicode_ci NOT NULL,
  `created_at` timestamp NULL DEFAULT NULL,
  `updated_at` timestamp NULL DEFAULT NULL
) ENGINE=InnoDB DEFAULT CHARSET=utf8mb4 COLLATE=utf8mb4_unicode_ci;

--
-- Dumping data for table `permissions`
--

INSERT INTO `permissions` (`id`, `name`, `guard_name`, `created_at`, `updated_at`) VALUES
(1, 'dashboard', 'api', '2025-03-24 20:33:43', '2025-03-24 20:33:43'),
(2, 'master', 'api', '2025-03-24 20:33:43', '2025-03-24 20:33:43'),
(3, 'master-user', 'api', '2025-03-24 20:33:43', '2025-03-24 20:33:43'),
(4, 'master-role', 'api', '2025-03-24 20:33:43', '2025-03-24 20:33:43'),
(5, 'website', 'api', '2025-03-24 20:33:43', '2025-03-24 20:33:43'),
(6, 'setting', 'api', '2025-03-24 20:33:43', '2025-03-24 20:33:43'),
(7, 'kurir', 'api', NULL, NULL),
(9, 'akun', 'api', NULL, NULL),
(11, 'pengiriman', 'api', NULL, NULL),
(12, 'tracking', 'api', '2025-04-10 08:28:36', '2025-04-10 08:28:36'),
(13, 'dashboardk', 'api', NULL, NULL),
(15, 'pengirimans', 'api', NULL, NULL),
(16, 'rute', 'api', NULL, NULL),
(17, 'transaksi', 'api', NULL, NULL),
(18, 'pengguna', 'api', NULL, NULL),
(19, 'trans', 'api', NULL, NULL),
(20, 'trans-riwayat', 'api', NULL, NULL),
(21, 'transs-orderann', 'api', NULL, NULL),
(22, 'trans-orderan', 'api', NULL, NULL),
(23, 'ongkir', 'api', NULL, NULL),
(25, 'transaksii', 'api', NULL, NULL),
(26, 'transaksii-ongkir', 'api', NULL, NULL),
(27, 'transaksii-order', 'api', NULL, NULL),
(28, 'transaksi-order', 'api', NULL, NULL),
(29, 'transaksi-riwayat', 'api', NULL, NULL),
(30, 'gudang', 'api', NULL, NULL),
(31, 'transs', 'api', NULL, NULL),
(32, 'transs-orderan', 'api', NULL, NULL),
(33, 'transs-riwayat', 'api', NULL, NULL),
(35, 'transaksii-riwayat', 'api', NULL, NULL),
(36, 'transs-riwayatt', 'api', NULL, NULL),
(37, 'riwayat', 'api', NULL, NULL);

-- --------------------------------------------------------

--
-- Table structure for table `personal_access_tokens`
--

CREATE TABLE `personal_access_tokens` (
  `id` bigint UNSIGNED NOT NULL,
  `tokenable_type` varchar(255) COLLATE utf8mb4_unicode_ci NOT NULL,
  `tokenable_id` bigint UNSIGNED NOT NULL,
  `name` varchar(255) COLLATE utf8mb4_unicode_ci NOT NULL,
  `token` varchar(64) COLLATE utf8mb4_unicode_ci NOT NULL,
  `abilities` text COLLATE utf8mb4_unicode_ci,
  `last_used_at` timestamp NULL DEFAULT NULL,
  `expires_at` timestamp NULL DEFAULT NULL,
  `created_at` timestamp NULL DEFAULT NULL,
  `updated_at` timestamp NULL DEFAULT NULL
) ENGINE=InnoDB DEFAULT CHARSET=utf8mb4 COLLATE=utf8mb4_unicode_ci;

-- --------------------------------------------------------

--
-- Table structure for table `provinces`
--

CREATE TABLE `provinces` (
  `id` bigint UNSIGNED NOT NULL,
  `province_id` int UNSIGNED NOT NULL,
  `name` varchar(255) COLLATE utf8mb4_unicode_ci NOT NULL,
  `created_at` timestamp NULL DEFAULT NULL,
  `updated_at` timestamp NULL DEFAULT NULL
) ENGINE=InnoDB DEFAULT CHARSET=utf8mb4 COLLATE=utf8mb4_unicode_ci;

--
-- Dumping data for table `provinces`
--

INSERT INTO `provinces` (`id`, `province_id`, `name`, `created_at`, `updated_at`) VALUES
(1, 1, 'Bali', '2025-05-19 03:33:47', '2025-05-19 03:33:47'),
(2, 2, 'Bangka Belitung', '2025-05-19 03:33:49', '2025-05-19 03:33:49'),
(3, 3, 'Banten', '2025-05-19 03:33:50', '2025-05-19 03:33:50'),
(4, 4, 'Bengkulu', '2025-05-19 03:33:51', '2025-05-19 03:33:51'),
(5, 5, 'DI Yogyakarta', '2025-05-19 03:33:53', '2025-05-19 03:33:53'),
(6, 6, 'DKI Jakarta', '2025-05-19 03:33:54', '2025-05-19 03:33:54'),
(7, 7, 'Gorontalo', '2025-05-19 03:33:56', '2025-05-19 03:33:56'),
(8, 8, 'Jambi', '2025-05-19 03:33:57', '2025-05-19 03:33:57'),
(9, 9, 'Jawa Barat', '2025-05-19 03:33:59', '2025-05-19 03:33:59'),
(10, 10, 'Jawa Tengah', '2025-05-19 03:34:00', '2025-05-19 03:34:00'),
(11, 11, 'Jawa Timur', '2025-05-19 03:34:02', '2025-05-19 03:34:02'),
(12, 12, 'Kalimantan Barat', '2025-05-19 03:34:04', '2025-05-19 03:34:04'),
(13, 13, 'Kalimantan Selatan', '2025-05-19 03:34:06', '2025-05-19 03:34:06'),
(14, 14, 'Kalimantan Tengah', '2025-05-19 03:34:07', '2025-05-19 03:34:07'),
(15, 15, 'Kalimantan Timur', '2025-05-19 03:34:09', '2025-05-19 03:34:09'),
(16, 16, 'Kalimantan Utara', '2025-05-19 03:34:10', '2025-05-19 03:34:10'),
(17, 17, 'Kepulauan Riau', '2025-05-19 03:34:12', '2025-05-19 03:34:12'),
(18, 18, 'Lampung', '2025-05-19 03:34:13', '2025-05-19 03:34:13'),
(19, 19, 'Maluku', '2025-05-19 03:34:15', '2025-05-19 03:34:15'),
(20, 20, 'Maluku Utara', '2025-05-19 03:34:16', '2025-05-19 03:34:16'),
(21, 21, 'Nanggroe Aceh Darussalam (NAD)', '2025-05-19 03:34:18', '2025-05-19 03:34:18'),
(22, 22, 'Nusa Tenggara Barat (NTB)', '2025-05-19 03:34:19', '2025-05-19 03:34:19'),
(23, 23, 'Nusa Tenggara Timur (NTT)', '2025-05-19 03:34:21', '2025-05-19 03:34:21'),
(24, 24, 'Papua', '2025-05-19 03:34:23', '2025-05-19 03:34:23'),
(25, 25, 'Papua Barat', '2025-05-19 03:34:24', '2025-05-19 03:34:24'),
(26, 26, 'Riau', '2025-05-19 03:34:26', '2025-05-19 03:34:26'),
(27, 27, 'Sulawesi Barat', '2025-05-19 03:34:28', '2025-05-19 03:34:28'),
(28, 28, 'Sulawesi Selatan', '2025-05-19 03:34:29', '2025-05-19 03:34:29'),
(29, 29, 'Sulawesi Tengah', '2025-05-19 03:34:31', '2025-05-19 03:34:31'),
(30, 30, 'Sulawesi Tenggara', '2025-05-19 03:34:33', '2025-05-19 03:34:33'),
(31, 31, 'Sulawesi Utara', '2025-05-19 03:34:34', '2025-05-19 03:34:34'),
(32, 32, 'Sumatera Barat', '2025-05-19 03:34:36', '2025-05-19 03:34:36'),
(33, 33, 'Sumatera Selatan', '2025-05-19 03:34:37', '2025-05-19 03:34:37'),
(34, 34, 'Sumatera Utara', '2025-05-19 03:34:39', '2025-05-19 03:34:39');

-- --------------------------------------------------------

--
-- Table structure for table `roles`
--

CREATE TABLE `roles` (
  `id` bigint UNSIGNED NOT NULL,
  `name` varchar(255) COLLATE utf8mb4_unicode_ci NOT NULL,
  `full_name` varchar(255) COLLATE utf8mb4_unicode_ci NOT NULL,
  `guard_name` varchar(255) COLLATE utf8mb4_unicode_ci NOT NULL,
  `created_at` timestamp NULL DEFAULT NULL,
  `updated_at` timestamp NULL DEFAULT NULL
) ENGINE=InnoDB DEFAULT CHARSET=utf8mb4 COLLATE=utf8mb4_unicode_ci;

--
-- Dumping data for table `roles`
--

INSERT INTO `roles` (`id`, `name`, `full_name`, `guard_name`, `created_at`, `updated_at`) VALUES
(1, 'admin', 'Administrator', 'api', '2025-03-24 20:33:43', '2025-03-24 20:33:43'),
(2, 'kurir', 'kurir', 'api', '2025-03-26 00:02:56', '2025-04-09 00:10:45'),
(3, 'pengguna', 'pengguna', 'api', '2025-04-08 00:20:53', '2025-04-08 00:20:53'),
(4, 'gudang', 'gudang', 'api', '2025-05-26 03:39:25', '2025-05-26 03:39:25');

-- --------------------------------------------------------

--
-- Table structure for table `role_has_permissions`
--

CREATE TABLE `role_has_permissions` (
  `permission_id` bigint UNSIGNED NOT NULL,
  `role_id` bigint UNSIGNED NOT NULL
) ENGINE=InnoDB DEFAULT CHARSET=utf8mb4 COLLATE=utf8mb4_unicode_ci;

--
-- Dumping data for table `role_has_permissions`
--

INSERT INTO `role_has_permissions` (`permission_id`, `role_id`) VALUES
(1, 1),
(2, 1),
(3, 1),
(4, 1),
(5, 1),
(6, 1),
(7, 1),
(18, 1),
(20, 1),
(22, 1),
(30, 1),
(1, 2),
(5, 2),
(9, 2),
(20, 2),
(21, 2),
(31, 2),
(32, 2),
(33, 2),
(35, 2),
(12, 3),
(13, 3),
(23, 3),
(25, 3),
(26, 3),
(27, 3),
(35, 3),
(1, 4),
(30, 4);

-- --------------------------------------------------------

--
-- Table structure for table `settings`
--

CREATE TABLE `settings` (
  `id` bigint UNSIGNED NOT NULL,
  `uuid` char(36) COLLATE utf8mb4_unicode_ci NOT NULL,
  `app` varchar(255) COLLATE utf8mb4_unicode_ci NOT NULL,
  `description` text COLLATE utf8mb4_unicode_ci NOT NULL,
  `logo` varchar(255) COLLATE utf8mb4_unicode_ci NOT NULL,
  `banner` varchar(255) COLLATE utf8mb4_unicode_ci NOT NULL,
  `bg_auth` varchar(255) COLLATE utf8mb4_unicode_ci NOT NULL,
  `dinas` varchar(255) COLLATE utf8mb4_unicode_ci NOT NULL,
  `pemerintah` varchar(255) COLLATE utf8mb4_unicode_ci NOT NULL,
  `alamat` varchar(255) COLLATE utf8mb4_unicode_ci NOT NULL,
  `telepon` varchar(255) COLLATE utf8mb4_unicode_ci NOT NULL,
  `email` varchar(255) COLLATE utf8mb4_unicode_ci NOT NULL,
  `created_at` timestamp NULL DEFAULT NULL,
  `updated_at` timestamp NULL DEFAULT NULL
) ENGINE=InnoDB DEFAULT CHARSET=utf8mb4 COLLATE=utf8mb4_unicode_ci;

--
-- Dumping data for table `settings`
--

INSERT INTO `settings` (`id`, `uuid`, `app`, `description`, `logo`, `banner`, `bg_auth`, `dinas`, `pemerintah`, `alamat`, `telepon`, `email`, `created_at`, `updated_at`) VALUES
(1, '3de3faaf-a8f5-4e12-9fb6-9338ab6c29d6', 'Akun Anda', 'Aplikasi e-SAKIP Dinas Lingkungan Hidup', '/storage/setting/5y0t6ah9Y184spVmiZIQaNRN4FbkqIccfZZ1EGcR.png', '/media/misc/banner.jpg', '/storage/setting/I3aPbLREorSEVhbh3kJpuJ1UjT6saTrLowV2pbQE.jpg', 'Dinas Lingkungan Hidup', 'Pemerintah Provinsi Jawa Timur', 'Farah', '082229545032', 'frhmph.2807@gmail.com', '2025-03-24 20:33:46', '2025-05-14 07:45:21');

-- --------------------------------------------------------

--
-- Table structure for table `tracking_log`
--

CREATE TABLE `tracking_log` (
  `id` bigint UNSIGNED NOT NULL,
  `pengiriman_id` bigint UNSIGNED NOT NULL,
  `status` varchar(255) COLLATE utf8mb4_unicode_ci NOT NULL,
  `catatan` text COLLATE utf8mb4_unicode_ci,
  `waktu` timestamp NULL DEFAULT NULL,
  `created_at` timestamp NULL DEFAULT NULL,
  `updated_at` timestamp NULL DEFAULT NULL
) ENGINE=InnoDB DEFAULT CHARSET=utf8mb4 COLLATE=utf8mb4_unicode_ci;

-- --------------------------------------------------------

--
-- Table structure for table `transaksi`
--

CREATE TABLE `transaksi` (
  `id` bigint UNSIGNED NOT NULL,
  `pengirim` varchar(255) CHARACTER SET utf8mb4 COLLATE utf8mb4_unicode_ci DEFAULT NULL,
  `penerima` varchar(255) CHARACTER SET utf8mb4 COLLATE utf8mb4_unicode_ci DEFAULT NULL,
  `no_hp_penerima` varchar(50) CHARACTER SET utf8mb4 COLLATE utf8mb4_unicode_ci DEFAULT NULL,
  `alamat_asal` text CHARACTER SET utf8mb4 COLLATE utf8mb4_unicode_ci,
  `alamat_tujuan` text CHARACTER SET utf8mb4 COLLATE utf8mb4_unicode_ci,
  `nama_barang` varchar(60) CHARACTER SET utf8mb4 COLLATE utf8mb4_unicode_ci DEFAULT NULL,
  `jarak` int DEFAULT NULL,
  `biaya` int DEFAULT NULL,
  `waktu` datetime DEFAULT NULL,
  `waktu_penjemputan` datetime DEFAULT NULL,
  `waktu_proses` datetime DEFAULT NULL,
  `waktu_terkirim` datetime DEFAULT NULL,
  `status` enum('Belum Terkirim','Penjemputan Barang','Sedang Dikirim','Terkirim') CHARACTER SET utf8mb4 COLLATE utf8mb4_unicode_ci DEFAULT NULL,
  `penilaian` int DEFAULT NULL,
  `komentar` text COLLATE utf8mb4_unicode_ci,
  `kurir_id` bigint UNSIGNED DEFAULT NULL,
  `pengguna_id` bigint UNSIGNED DEFAULT NULL,
  `created_at` timestamp NULL DEFAULT NULL,
  `updated_at` timestamp NULL DEFAULT NULL
) ENGINE=InnoDB DEFAULT CHARSET=utf8mb4 COLLATE=utf8mb4_unicode_ci;

--
-- Dumping data for table `transaksi`
--

INSERT INTO `transaksi` (`id`, `pengirim`, `penerima`, `no_hp_penerima`, `alamat_asal`, `alamat_tujuan`, `nama_barang`, `jarak`, `biaya`, `waktu`, `waktu_penjemputan`, `waktu_proses`, `waktu_terkirim`, `status`, `penilaian`, `komentar`, `kurir_id`, `pengguna_id`, `created_at`, `updated_at`) VALUES
(100, NULL, 'leona', '08132435465', 'rajawali', 'bringin baru', 'hp', 4, 40000, '2025-05-06 15:41:20', '2025-05-06 15:48:16', '2025-05-07 09:58:14', '2025-05-07 09:58:21', 'Terkirim', 80, 'baik', 25, 2, NULL, NULL),
(101, NULL, 'leona', '08132435465', 'petemon', 'bringin raya', 'hp', 4, 40000, '2025-05-06 15:45:56', '2025-05-06 15:46:35', '2025-05-08 08:50:37', '2025-05-08 08:50:44', 'Terkirim', 90, 'baik', 24, 2, NULL, NULL),
(102, NULL, 'farah', '098765432132', 'petemon', 'bringin baru', 'botol', 3, 30000, '2025-05-06 15:47:08', '2025-05-07 10:13:58', '2025-05-07 10:14:04', '2025-05-07 10:14:09', 'Terkirim', 80, 'bagus', 25, 2, NULL, NULL),
(106, NULL, 'farah', '08132435465', 'rajawali', 'bringin baru', 'botol', 5, 50000, '2025-05-09 11:31:10', '2025-05-09 11:31:48', '2025-05-09 11:32:36', '2025-05-09 11:32:58', 'Terkirim', NULL, NULL, 24, 2, NULL, NULL),
(116, NULL, 'farah', '098765432132', 'rajawali', 'bringin raya', 'mouse', 4, 14000, '2025-05-15 09:27:38', NULL, NULL, NULL, NULL, NULL, NULL, 24, 2, NULL, NULL),
(117, NULL, 'leona', '098765432132', 'petemon', 'bringin raya', 'laptop', 20, 78000, '2025-05-15 09:33:09', NULL, NULL, NULL, NULL, NULL, NULL, 25, 2, NULL, NULL),
(118, NULL, 'farah', '098765432132', 'rajawali', 'bringin raya', 'botol', 6, 22000, '2025-05-15 09:49:36', '2025-05-15 14:01:28', NULL, NULL, 'Penjemputan Barang', NULL, NULL, 25, 2, NULL, NULL),
(119, NULL, 'indah', '0987654567', 'kebun jeruk', 'bringin', 'tas', NULL, NULL, '2025-05-20 11:20:37', NULL, NULL, NULL, 'Belum Terkirim', NULL, NULL, NULL, 2, NULL, NULL);

-- --------------------------------------------------------

--
-- Table structure for table `transaksii`
--

CREATE TABLE `transaksii` (
  `id` bigint UNSIGNED NOT NULL,
  `no_resi` varchar(255) CHARACTER SET utf8mb4 COLLATE utf8mb4_unicode_ci NOT NULL,
  `penerima` varchar(255) COLLATE utf8mb4_unicode_ci NOT NULL,
  `pengirim` varchar(255) CHARACTER SET utf8mb4 COLLATE utf8mb4_unicode_ci DEFAULT NULL,
  `no_hp_penerima` varchar(100) COLLATE utf8mb4_unicode_ci NOT NULL,
  `alamat_asal` text COLLATE utf8mb4_unicode_ci NOT NULL,
  `alamat_tujuan` text COLLATE utf8mb4_unicode_ci NOT NULL,
  `nama_barang` varchar(100) COLLATE utf8mb4_unicode_ci NOT NULL,
  `berat_barang` int NOT NULL,
  `ekspedisi` varchar(255) COLLATE utf8mb4_unicode_ci NOT NULL,
  `layanan` varchar(255) COLLATE utf8mb4_unicode_ci NOT NULL,
  `biaya` int NOT NULL,
  `waktu` datetime DEFAULT NULL,
  `waktu_diambil` datetime DEFAULT NULL,
  `waktu_dikurir` datetime DEFAULT NULL,
  `waktu_digudang` datetime DEFAULT NULL,
  `waktu_proses` datetime DEFAULT NULL,
  `waktu_tiba` datetime DEFAULT NULL,
  `waktu_kirim` datetime DEFAULT NULL,
  `waktu_selesai` datetime DEFAULT NULL,
  `status` enum('menunggu','diambil kurir','dikurir','digudang','diproses','tiba digudang','dikirim','selesai') CHARACTER SET utf8mb4 COLLATE utf8mb4_unicode_ci DEFAULT NULL,
  `status_pembayaran` enum('belum dibayar','pending','settlement','cancel','deny','expire','failure','refund') CHARACTER SET utf8mb4 COLLATE utf8mb4_unicode_ci DEFAULT NULL,
  `pernah_digudang` tinyint(1) DEFAULT NULL,
  `rating` int DEFAULT NULL,
  `komentar` text COLLATE utf8mb4_unicode_ci,
  `asal_provinsi_id` bigint UNSIGNED NOT NULL,
  `asal_kota_id` bigint UNSIGNED NOT NULL,
  `tujuan_provinsi_id` bigint UNSIGNED NOT NULL,
  `tujuan_kota_id` bigint UNSIGNED NOT NULL,
  `pengguna_id` bigint UNSIGNED DEFAULT NULL,
  `kurir_id` bigint UNSIGNED DEFAULT NULL,
  `created_at` timestamp NULL DEFAULT NULL,
  `updated_at` timestamp NULL DEFAULT NULL
) ENGINE=InnoDB DEFAULT CHARSET=utf8mb4 COLLATE=utf8mb4_unicode_ci;

--
-- Dumping data for table `transaksii`
--

INSERT INTO `transaksii` (`id`, `no_resi`, `penerima`, `pengirim`, `no_hp_penerima`, `alamat_asal`, `alamat_tujuan`, `nama_barang`, `berat_barang`, `ekspedisi`, `layanan`, `biaya`, `waktu`, `waktu_diambil`, `waktu_dikurir`, `waktu_digudang`, `waktu_proses`, `waktu_tiba`, `waktu_kirim`, `waktu_selesai`, `status`, `status_pembayaran`, `pernah_digudang`, `rating`, `komentar`, `asal_provinsi_id`, `asal_kota_id`, `tujuan_provinsi_id`, `tujuan_kota_id`, `pengguna_id`, `kurir_id`, `created_at`, `updated_at`) VALUES
(71, 'ABC-686CC1F5143A4', 'farah monica', NULL, '082229545032', 'bringin indah 2', 'bringin baru 2 / 18', 'tas', 1, 'jne', 'CTC', 8000, '2025-07-08 14:00:05', '2025-07-08 14:58:20', '2025-07-08 14:57:35', '2025-07-08 14:58:20', '2025-07-08 15:00:11', '2025-07-08 15:03:36', '2025-07-08 15:06:16', '2025-07-08 15:06:17', 'selesai', 'settlement', 1, NULL, NULL, 1, 17, 1, 17, 2, 25, '2025-07-08 07:00:05', '2025-07-08 08:06:17'),
(72, 'ABC-686CD29F2B57B', 'Grisel', NULL, '082229545032', 'bringin indah 2', 'bringin baru 2 / 18', 'tas', 2, 'jne', 'JTR', 60000, '2025-07-08 15:11:11', '2025-07-09 09:28:45', '2025-07-09 09:27:18', '2025-07-09 09:28:45', '2025-07-09 09:40:33', '2025-07-09 09:45:21', '2025-07-09 10:17:53', '2025-07-09 10:17:53', 'selesai', 'pending', 1, NULL, NULL, 1, 32, 1, 32, 2, 24, '2025-07-08 08:11:11', '2025-07-09 03:17:53'),
(73, 'ABC-686DE078987A7', 'farah monica', NULL, '082229545032', 'bringin indah 2', 'bringin baru 2 / 18', 'tas', 2, 'jne', 'JTR', 45000, '2025-07-09 10:22:32', NULL, NULL, NULL, NULL, NULL, NULL, NULL, 'menunggu', 'belum dibayar', NULL, NULL, NULL, 2, 27, 2, 28, 2, NULL, '2025-07-09 03:22:32', '2025-07-09 03:22:32');

-- --------------------------------------------------------

--
-- Table structure for table `users`
--

CREATE TABLE `users` (
  `id` bigint UNSIGNED NOT NULL,
  `uuid` char(36) COLLATE utf8mb4_unicode_ci NOT NULL,
  `name` varchar(255) COLLATE utf8mb4_unicode_ci NOT NULL,
  `email` varchar(255) COLLATE utf8mb4_unicode_ci NOT NULL,
  `phone` varchar(255) COLLATE utf8mb4_unicode_ci NOT NULL,
  `photo` varchar(255) COLLATE utf8mb4_unicode_ci DEFAULT NULL,
  `password` varchar(255) COLLATE utf8mb4_unicode_ci NOT NULL,
  `remember_token` varchar(100) COLLATE utf8mb4_unicode_ci DEFAULT NULL,
  `created_at` timestamp NULL DEFAULT NULL,
  `updated_at` timestamp NULL DEFAULT NULL
) ENGINE=InnoDB DEFAULT CHARSET=utf8mb4 COLLATE=utf8mb4_unicode_ci;

--
-- Dumping data for table `users`
--

INSERT INTO `users` (`id`, `uuid`, `name`, `email`, `phone`, `photo`, `password`, `remember_token`, `created_at`, `updated_at`) VALUES
(1, 'bb3af772-0329-4f97-b9cb-c36c939c3192', 'Admin', 'admin@gmail.com', '08123456789', NULL, '$2y$12$jNjBsTQ7x81d1pJNAk4FRerP0XgZRBKsXCBDkx4fC.gx6THwPAvHO', NULL, '2025-03-24 20:33:46', '2025-03-24 20:33:46'),
(18, 'df822a89-ecf6-4462-92f6-a15138fc2816', 'farahmon', 'farah@gmail.com', '12345678', 'photo/MTVz3bNat8UQYeNjVHlwhpVLWlok3sV3IhUzfc9g.png', '$2y$12$S6HFd8PN/k.zqjhPqL0j5ePqvzbJVq/QJjDQ4Kb9n5TGBp7Jv8msi', NULL, '2025-04-08 21:16:01', '2025-04-24 04:11:09'),
(20, 'c1002a42-cd3b-4e4b-b954-42399c5a121f', 'ica', 'ica@gmail.com', '1234', 'photo/4vTYCFAsvIoi5G1oUzhY0fQ9MOynV41pBzGeXqr2.jpg', '$2y$12$FCgxu4WayGYEyV2qik56O.POfKyLAnkuJYUdPT8GRup9.x6FXUOgG', NULL, '2025-04-09 20:12:56', '2025-05-09 06:39:54'),
(21, '3adce087-56b3-4590-8717-7926540a2891', 'Ega', 'egaa@gmail.com', '23423445565', 'photo/Vr3XS026E9qrhUffM9pGhxQ8tICfaFHU3Mbo5EEd.png', '$2y$12$96nRxDgA9ZwidOUxLvr9kuBpIu7YQ.oxgpW8//7xICLkwb5a.DsOO', NULL, '2025-04-23 04:15:05', '2025-04-23 04:29:01'),
(22, '4f66de1e-ea85-4846-b8fa-5626dc934c8c', 'indah', 'indah@gmail.com', '09876543', 'photo/vBde9jCb9KxBei3wRgLf2MuMvoeKDsR6COMIVML6.jpg', '$2y$12$Rz0Oh6uNaaDFKS2VgowwW.WeCSmu0x0ALCwU0G23BPlf4bZMt5M1S', NULL, '2025-04-25 01:29:31', '2025-05-02 06:44:38'),
(24, '14053a19-7206-4f5a-bba0-6587e6797c89', 'gudang', 'gudang@gmail.com', '09876545678', NULL, '$2y$12$MoktuNQdEYrkeDsb0TAExuC59WNv7qjmq.BtUbdI3dI49aJXSIPx6', NULL, '2025-05-26 03:40:58', '2025-05-26 03:40:59');

--
-- Indexes for dumped tables
--

--
-- Indexes for table `cities`
--
ALTER TABLE `cities`
  ADD PRIMARY KEY (`id`);

--
-- Indexes for table `failed_jobs`
--
ALTER TABLE `failed_jobs`
  ADD PRIMARY KEY (`id`),
  ADD UNIQUE KEY `failed_jobs_uuid_unique` (`uuid`);

--
-- Indexes for table `kurir`
--
ALTER TABLE `kurir`
  ADD PRIMARY KEY (`kurir_id`),
  ADD KEY `user_id` (`user_id`);

--
-- Indexes for table `migrations`
--
ALTER TABLE `migrations`
  ADD PRIMARY KEY (`id`);

--
-- Indexes for table `model_has_permissions`
--
ALTER TABLE `model_has_permissions`
  ADD PRIMARY KEY (`permission_id`,`model_id`,`model_type`),
  ADD KEY `model_has_permissions_model_id_model_type_index` (`model_id`,`model_type`);

--
-- Indexes for table `model_has_roles`
--
ALTER TABLE `model_has_roles`
  ADD PRIMARY KEY (`role_id`,`model_id`,`model_type`),
  ADD KEY `model_has_roles_model_id_model_type_index` (`model_id`,`model_type`);

--
-- Indexes for table `password_reset_tokens`
--
ALTER TABLE `password_reset_tokens`
  ADD PRIMARY KEY (`email`);

--
-- Indexes for table `payment`
--
ALTER TABLE `payment`
  ADD PRIMARY KEY (`id`),
  ADD KEY `transaksii_id` (`order_id`);

--
-- Indexes for table `pembayaran`
--
ALTER TABLE `pembayaran`
  ADD PRIMARY KEY (`id`),
  ADD KEY `pembayaran_transaksii_id_foreign` (`transaksii_id`);

--
-- Indexes for table `pengguna`
--
ALTER TABLE `pengguna`
  ADD PRIMARY KEY (`pengguna_id`),
  ADD KEY `user` (`user_id`);

--
-- Indexes for table `pengiriman`
--
ALTER TABLE `pengiriman`
  ADD PRIMARY KEY (`id`),
  ADD KEY `pengiriman_kurir_id_foreign` (`kurir_id`),
  ADD KEY `id_transaksii` (`transaksii_id`);

--
-- Indexes for table `pengirimans`
--
ALTER TABLE `pengirimans`
  ADD PRIMARY KEY (`id`),
  ADD UNIQUE KEY `pengirimans_no_resi_unique` (`no_resi`),
  ADD KEY `pengirimans_kurir_id_foreign` (`kurir_id`);

--
-- Indexes for table `permissions`
--
ALTER TABLE `permissions`
  ADD PRIMARY KEY (`id`),
  ADD UNIQUE KEY `permissions_name_guard_name_unique` (`name`,`guard_name`);

--
-- Indexes for table `personal_access_tokens`
--
ALTER TABLE `personal_access_tokens`
  ADD PRIMARY KEY (`id`),
  ADD UNIQUE KEY `personal_access_tokens_token_unique` (`token`),
  ADD KEY `personal_access_tokens_tokenable_type_tokenable_id_index` (`tokenable_type`,`tokenable_id`);

--
-- Indexes for table `provinces`
--
ALTER TABLE `provinces`
  ADD PRIMARY KEY (`id`);

--
-- Indexes for table `roles`
--
ALTER TABLE `roles`
  ADD PRIMARY KEY (`id`),
  ADD UNIQUE KEY `roles_name_guard_name_unique` (`name`,`guard_name`);

--
-- Indexes for table `role_has_permissions`
--
ALTER TABLE `role_has_permissions`
  ADD PRIMARY KEY (`permission_id`,`role_id`),
  ADD KEY `role_has_permissions_role_id_foreign` (`role_id`);

--
-- Indexes for table `settings`
--
ALTER TABLE `settings`
  ADD PRIMARY KEY (`id`),
  ADD UNIQUE KEY `settings_uuid_unique` (`uuid`);

--
-- Indexes for table `tracking_log`
--
ALTER TABLE `tracking_log`
  ADD PRIMARY KEY (`id`),
  ADD KEY `tracking_log_pengiriman_id_foreign` (`pengiriman_id`);

--
-- Indexes for table `transaksi`
--
ALTER TABLE `transaksi`
  ADD PRIMARY KEY (`id`),
  ADD KEY `kurir_id` (`kurir_id`),
  ADD KEY `pengguna_id` (`pengguna_id`);

--
-- Indexes for table `transaksii`
--
ALTER TABLE `transaksii`
  ADD PRIMARY KEY (`id`),
  ADD UNIQUE KEY `transaksii_no_resi_unique` (`no_resi`),
  ADD KEY `transaksii_asal_kota_id_foreign` (`asal_kota_id`),
  ADD KEY `transaksii_asal_provinsi_id_foreign` (`asal_provinsi_id`),
  ADD KEY `transaksii_tujuan_kota_id_foreign` (`tujuan_kota_id`),
  ADD KEY `transaksii_tujuan_provinsi_id_foreign` (`tujuan_provinsi_id`),
  ADD KEY `transaksii_kurir_id_foreign` (`kurir_id`),
  ADD KEY `pengguna_id` (`pengguna_id`);

--
-- Indexes for table `users`
--
ALTER TABLE `users`
  ADD PRIMARY KEY (`id`),
  ADD UNIQUE KEY `users_uuid_unique` (`uuid`),
  ADD UNIQUE KEY `users_email_unique` (`email`),
  ADD UNIQUE KEY `users_phone_unique` (`phone`);

--
-- AUTO_INCREMENT for dumped tables
--

--
-- AUTO_INCREMENT for table `cities`
--
ALTER TABLE `cities`
  MODIFY `id` bigint UNSIGNED NOT NULL AUTO_INCREMENT, AUTO_INCREMENT=502;

--
-- AUTO_INCREMENT for table `failed_jobs`
--
ALTER TABLE `failed_jobs`
  MODIFY `id` bigint UNSIGNED NOT NULL AUTO_INCREMENT;

--
-- AUTO_INCREMENT for table `kurir`
--
ALTER TABLE `kurir`
  MODIFY `kurir_id` bigint UNSIGNED NOT NULL AUTO_INCREMENT, AUTO_INCREMENT=27;

--
-- AUTO_INCREMENT for table `migrations`
--
ALTER TABLE `migrations`
  MODIFY `id` int UNSIGNED NOT NULL AUTO_INCREMENT, AUTO_INCREMENT=27;

--
-- AUTO_INCREMENT for table `payment`
--
ALTER TABLE `payment`
  MODIFY `id` bigint UNSIGNED NOT NULL AUTO_INCREMENT, AUTO_INCREMENT=2;

--
-- AUTO_INCREMENT for table `pembayaran`
--
ALTER TABLE `pembayaran`
  MODIFY `id` bigint UNSIGNED NOT NULL AUTO_INCREMENT;

--
-- AUTO_INCREMENT for table `pengguna`
--
ALTER TABLE `pengguna`
  MODIFY `pengguna_id` bigint UNSIGNED NOT NULL AUTO_INCREMENT, AUTO_INCREMENT=3;

--
-- AUTO_INCREMENT for table `pengiriman`
--
ALTER TABLE `pengiriman`
  MODIFY `id` bigint UNSIGNED NOT NULL AUTO_INCREMENT, AUTO_INCREMENT=67;

--
-- AUTO_INCREMENT for table `pengirimans`
--
ALTER TABLE `pengirimans`
  MODIFY `id` bigint UNSIGNED NOT NULL AUTO_INCREMENT, AUTO_INCREMENT=2;

--
-- AUTO_INCREMENT for table `permissions`
--
ALTER TABLE `permissions`
  MODIFY `id` bigint UNSIGNED NOT NULL AUTO_INCREMENT, AUTO_INCREMENT=38;

--
-- AUTO_INCREMENT for table `personal_access_tokens`
--
ALTER TABLE `personal_access_tokens`
  MODIFY `id` bigint UNSIGNED NOT NULL AUTO_INCREMENT;

--
-- AUTO_INCREMENT for table `provinces`
--
ALTER TABLE `provinces`
  MODIFY `id` bigint UNSIGNED NOT NULL AUTO_INCREMENT, AUTO_INCREMENT=35;

--
-- AUTO_INCREMENT for table `roles`
--
ALTER TABLE `roles`
  MODIFY `id` bigint UNSIGNED NOT NULL AUTO_INCREMENT, AUTO_INCREMENT=5;

--
-- AUTO_INCREMENT for table `settings`
--
ALTER TABLE `settings`
  MODIFY `id` bigint UNSIGNED NOT NULL AUTO_INCREMENT, AUTO_INCREMENT=2;

--
-- AUTO_INCREMENT for table `tracking_log`
--
ALTER TABLE `tracking_log`
  MODIFY `id` bigint UNSIGNED NOT NULL AUTO_INCREMENT;

--
-- AUTO_INCREMENT for table `transaksi`
--
ALTER TABLE `transaksi`
  MODIFY `id` bigint UNSIGNED NOT NULL AUTO_INCREMENT, AUTO_INCREMENT=120;

--
-- AUTO_INCREMENT for table `transaksii`
--
ALTER TABLE `transaksii`
  MODIFY `id` bigint UNSIGNED NOT NULL AUTO_INCREMENT, AUTO_INCREMENT=74;

--
-- AUTO_INCREMENT for table `users`
--
ALTER TABLE `users`
  MODIFY `id` bigint UNSIGNED NOT NULL AUTO_INCREMENT, AUTO_INCREMENT=25;

--
-- Constraints for dumped tables
--

--
-- Constraints for table `kurir`
--
ALTER TABLE `kurir`
  ADD CONSTRAINT `kurir` FOREIGN KEY (`user_id`) REFERENCES `users` (`id`) ON DELETE CASCADE ON UPDATE CASCADE;

--
-- Constraints for table `model_has_permissions`
--
ALTER TABLE `model_has_permissions`
  ADD CONSTRAINT `model_has_permissions_permission_id_foreign` FOREIGN KEY (`permission_id`) REFERENCES `permissions` (`id`) ON DELETE CASCADE;

--
-- Constraints for table `model_has_roles`
--
ALTER TABLE `model_has_roles`
  ADD CONSTRAINT `model_has_roles_role_id_foreign` FOREIGN KEY (`role_id`) REFERENCES `roles` (`id`) ON DELETE CASCADE;

--
-- Constraints for table `pembayaran`
--
ALTER TABLE `pembayaran`
  ADD CONSTRAINT `pembayaran_transaksii_id_foreign` FOREIGN KEY (`transaksii_id`) REFERENCES `transaksii` (`id`);

--
-- Constraints for table `pengguna`
--
ALTER TABLE `pengguna`
  ADD CONSTRAINT `user` FOREIGN KEY (`user_id`) REFERENCES `users` (`id`) ON DELETE CASCADE ON UPDATE CASCADE;

--
-- Constraints for table `pengiriman`
--
ALTER TABLE `pengiriman`
  ADD CONSTRAINT `id_transaksii` FOREIGN KEY (`transaksii_id`) REFERENCES `transaksii` (`id`) ON DELETE CASCADE ON UPDATE CASCADE,
  ADD CONSTRAINT `pengiriman_kurir_id_foreign` FOREIGN KEY (`kurir_id`) REFERENCES `kurir` (`kurir_id`) ON DELETE CASCADE ON UPDATE CASCADE;

--
-- Constraints for table `pengirimans`
--
ALTER TABLE `pengirimans`
  ADD CONSTRAINT `pengirimans_kurir_id_foreign` FOREIGN KEY (`kurir_id`) REFERENCES `users` (`id`) ON DELETE CASCADE ON UPDATE CASCADE;

--
-- Constraints for table `role_has_permissions`
--
ALTER TABLE `role_has_permissions`
  ADD CONSTRAINT `role_has_permissions_permission_id_foreign` FOREIGN KEY (`permission_id`) REFERENCES `permissions` (`id`) ON DELETE CASCADE,
  ADD CONSTRAINT `role_has_permissions_role_id_foreign` FOREIGN KEY (`role_id`) REFERENCES `roles` (`id`) ON DELETE CASCADE;

--
-- Constraints for table `tracking_log`
--
ALTER TABLE `tracking_log`
  ADD CONSTRAINT `tracking_log_pengiriman_id_foreign` FOREIGN KEY (`pengiriman_id`) REFERENCES `pengiriman` (`id`) ON DELETE CASCADE;

--
-- Constraints for table `transaksi`
--
ALTER TABLE `transaksi`
  ADD CONSTRAINT `fk_transaksi_kurir_id` FOREIGN KEY (`kurir_id`) REFERENCES `kurir` (`kurir_id`) ON DELETE CASCADE ON UPDATE CASCADE,
  ADD CONSTRAINT `pengiriman_pengguna_id` FOREIGN KEY (`pengguna_id`) REFERENCES `pengguna` (`pengguna_id`) ON DELETE CASCADE ON UPDATE CASCADE;

--
-- Constraints for table `transaksii`
--
ALTER TABLE `transaksii`
  ADD CONSTRAINT `transaksii_asal_kota_id_foreign` FOREIGN KEY (`asal_kota_id`) REFERENCES `cities` (`id`) ON DELETE CASCADE ON UPDATE CASCADE,
  ADD CONSTRAINT `transaksii_asal_provinsi_id_foreign` FOREIGN KEY (`asal_provinsi_id`) REFERENCES `provinces` (`id`) ON DELETE CASCADE ON UPDATE CASCADE,
  ADD CONSTRAINT `transaksii_ibfk_1` FOREIGN KEY (`pengguna_id`) REFERENCES `pengguna` (`pengguna_id`) ON DELETE RESTRICT ON UPDATE RESTRICT,
  ADD CONSTRAINT `transaksii_kurir_id_foreign` FOREIGN KEY (`kurir_id`) REFERENCES `kurir` (`kurir_id`) ON DELETE CASCADE ON UPDATE CASCADE,
  ADD CONSTRAINT `transaksii_tujuan_kota_id_foreign` FOREIGN KEY (`tujuan_kota_id`) REFERENCES `cities` (`id`) ON DELETE CASCADE ON UPDATE CASCADE,
  ADD CONSTRAINT `transaksii_tujuan_provinsi_id_foreign` FOREIGN KEY (`tujuan_provinsi_id`) REFERENCES `provinces` (`id`) ON DELETE CASCADE ON UPDATE CASCADE;
COMMIT;

/*!40101 SET CHARACTER_SET_CLIENT=@OLD_CHARACTER_SET_CLIENT */;
/*!40101 SET CHARACTER_SET_RESULTS=@OLD_CHARACTER_SET_RESULTS */;
/*!40101 SET COLLATION_CONNECTION=@OLD_COLLATION_CONNECTION */;
